name,description,tag1,tag2,tag3,difficulty,cat_text,baemin_category
토스트,토스트는 재료의 맛을 살려 간단히 즐기는 요리입니다.,#korean,#baked,#everyday,3,빵 및 과자류,패스트푸드
트위스터,트위스터는 재료의 맛을 살려 간단히 즐기는 요리입니다.,#western,#everyday,#classic,3,빵 및 과자류,패스트푸드
파운드케이크,파운드케이크는 버터와 설탕의 조화를 살린 달콤한 디저트입니다.,#western,#baked,#everyday,3,빵 및 과자류,카페-디저트
햄샌드위치,햄샌드위치는 햄을 채워 넣은 샌드위치입니다.,#western,#everyday,#classic,3,빵 및 과자류,패스트푸드
간자장,간자장은 재료의 맛을 살려 간단히 즐기는 요리입니다.,#chinese,#everyday,#classic,3,면 및 만두류,중식
국수,국수는 재료의 맛을 살려 간단히 즐기는 요리입니다.,#korean,#soup,#everyday,3,면 및 만두류,한식
냉면,냉면은 재료의 맛을 살려 간단히 즐기는 요리입니다.,#korean,#noodle,#everyday,3,면 및 만두류,한식
떡국,떡국은 얇게 썬 떡을 맑은 육수에 끓여 간을 맞추고 달걀지단과 김가루를 곁들여 먹는 국물 요리입니다.,#korean,#soup,#seafood,3,면 및 만두류,한식
떡만두국,떡만두국은 재료의 맛을 살려 간단히 즐기는 요리입니다.,#korean,#soup,#everyday,3,면 및 만두류,한식
라면,라면은 재료의 맛을 살려 간단히 즐기는 요리입니다.,#korean,#noodle,#everyday,3,면 및 만두류,한식
오징어,오징어는 재료의 맛을 살려 간단히 즐기는 요리입니다.,#korean,#rice,#seafood,3,밥류,한식
옥수수밥,옥수수밥은 재료의 맛을 살려 간단히 즐기는 요리입니다.,#korean,#rice,#everyday,3,밥류,한식
완두콩밥,완두콩밥은 밥에 완두콩을 넣어 고소하게 지은 요리입니다.,#korean,#rice,#veggie,3,밥류,한식
유부,유부는 재료의 맛을 살려 간단히 즐기는 요리입니다.,#japanese,#rice,#everyday,3,밥류,돈까스-회
육회비빔밥,육회비빔밥은 재료의 맛을 살려 간단히 즐기는 요리입니다.,#korean,#rice,#beef,3,밥류,한식
장어,장어는 재료의 맛을 살려 간단히 즐기는 요리입니다.,#korean,#rice,#everyday,3,밥류,한식
팥밥,팥밥은 재료의 맛을 살려 간단히 즐기는 요리입니다.,#korean,#rice,#everyday,3,밥류,한식
해물,해물은 재료의 맛을 살려 간단히 즐기는 요리입니다.,#korean,#rice,#everyday,3,밥류,한식
혼합잡곡밥,혼합잡곡밥은 재료의 맛을 살려 간단히 즐기는 요리입니다.,#korean,#rice,#everyday,3,밥류,한식
계란빵,계란빵은 반죽을 숙성해 구워낸 담백한 빵입니다.,#korean,#baked,#everyday,3,빵 및 과자류,카페-디저트
츄러스,츄러스는 재료의 맛을 살려 간단히 즐기는 요리입니다.,#western,#everyday,#classic,3,빵 및 과자류,카페-디저트
피자,피자는 재료의 맛을 살려 간단히 즐기는 요리입니다.,"#western,pizza",#everyday,#classic,3,빵 및 과자류,피자
햄버거,햄버거는 햄을 넣어 즐기는 버거입니다.,#western,#pork,#everyday,3,빵 및 과자류,패스트푸드
호떡,호떡은 재료의 맛을 살려 간단히 즐기는 요리입니다.,#korean,#ricecake,#everyday,4,빵 및 과자류,카페-디저트
감자샐러드,감자샐러드는 감자를 주재료로 드레싱과 함께 버무린 샐러드입니다.,#western,#veggie,#everyday,1,빵 및 과자류,패스트푸드
고기,고기는 재료의 맛을 살려 간단히 즐기는 요리입니다.,#western,#beef,#everyday,3,빵 및 과자류,패스트푸드
메기,메기는 재료의 맛을 살려 간단히 즐기는 요리입니다.,#korean,#soup,#spicy,3,찌개 및 전골류,한식
회덮밥,회덮밥은 밥 위에 회를 얹어 비벼 먹는 한 그릇 요리입니다.,#korean,#rice,#everyday,3,밥류,한식
흑미밥,흑미밥은 재료의 맛을 살려 간단히 즐기는 요리입니다.,#korean,#rice,#everyday,3,밥류,한식
강낭콩밥,강낭콩밥은 밥에 강낭콩을 넣어 고소하게 지은 요리입니다.,#korean,#rice,#veggie,3,밥류,한식
검정콩밥,검정콩밥은 밥에 검정콩을 넣어 고소하게 지은 요리입니다.,#korean,#rice,#veggie,3,밥류,한식
굴,굴은 재료의 맛을 살려 간단히 즐기는 요리입니다.,#korean,#soup,#seafood,3,밥류,한식
굴밥,굴밥은 재료의 맛을 살려 간단히 즐기는 요리입니다.,#korean,#rice,#seafood,3,밥류,한식
김치,김치는 재료의 맛을 살려 간단히 즐기는 요리입니다.,#korean,#stirfry,#spicy,2,밥류,한식
낙지,낙지는 재료의 맛을 살려 간단히 즐기는 요리입니다.,#korean,#rice,#seafood,3,밥류,한식
닭고기,닭고기는 재료의 맛을 살려 간단히 즐기는 요리입니다.,#korean,#rice,#chicken,3,밥류,한식
돼지머리국밥,돼지머리국밥은 재료의 맛을 살려 간단히 즐기는 요리입니다.,#korean,#soup,#pork,3,밥류,한식
모듬,모듬은 재료의 맛을 살려 간단히 즐기는 요리입니다.,#korean,#rice,#everyday,3,밥류,한식
무밥,무밥은 재료의 맛을 살려 간단히 즐기는 요리입니다.,#korean,#rice,#everyday,3,밥류,한식
버섯,버섯은 재료의 맛을 살려 간단히 즐기는 요리입니다.,#korean,#rice,#veggie,3,밥류,한식
비빔,비빔은 재료의 맛을 살려 간단히 즐기는 요리입니다.,#korean,#rice,#everyday,3,밥류,한식
양송이,양송이는 재료의 맛을 살려 간단히 즐기는 요리입니다.,#korean,#rice,#everyday,3,밥류,한식
열무,열무는 재료의 맛을 살려 간단히 즐기는 요리입니다.,#korean,#rice,#everyday,3,밥류,한식
잡곡밥,잡곡밥은 재료의 맛을 살려 간단히 즐기는 요리입니다.,#korean,#rice,#everyday,3,밥류,한식
잡채밥,잡채밥은 재료의 맛을 살려 간단히 즐기는 요리입니다.,#korean,#rice,#everyday,3,밥류,한식
잡탕밥,잡탕밥은 재료의 맛을 살려 간단히 즐기는 요리입니다.,#korean,#soup,#everyday,3,밥류,한식
주먹밥,주먹밥은 재료의 맛을 살려 간단히 즐기는 요리입니다.,#korean,#rice,#everyday,2,밥류,한식
짜장밥,짜장밥은 재료의 맛을 살려 간단히 즐기는 요리입니다.,#chinese,#rice,#everyday,3,밥류,중식
짬뽕밥,짬뽕밥은 재료의 맛을 살려 간단히 즐기는 요리입니다.,#chinese,#rice,#everyday,3,밥류,중식
차조밥,차조밥은 재료의 맛을 살려 간단히 즐기는 요리입니다.,#korean,#rice,#everyday,3,밥류,카페-디저트
참치덮밥,참치덮밥은 밥 위에 참치를 얹어 비벼 먹는 한 그릇 요리입니다.,#japanese,#rice,#everyday,3,밥류,한식
참치회덮밥,참치회덮밥은 밥 위에 참치회를 얹어 비벼 먹는 한 그릇 요리입니다.,#korean,#rice,#spicy,3,밥류,한식
충무김밥,충무김밥은 밥과 여러 재료를 김으로 말아 한입 크기로 썬 요리입니다.,#korean,#rice,#everyday,3,밥류,한식
카레라이스,카레라이스는 재료의 맛을 살려 간단히 즐기는 요리입니다.,#japanese,#pork,#everyday,3,밥류,돈까스-회
콩나물,콩나물은 재료의 맛을 살려 간단히 즐기는 요리입니다.,#korean,#soup,#veggie,2,밥류,한식
콩나물밥,콩나물밥은 재료의 맛을 살려 간단히 즐기는 요리입니다.,#korean,#rice,#pork,2,밥류,한식
현미밥,현미밥은 재료의 맛을 살려 간단히 즐기는 요리입니다.,#korean,#rice,#everyday,3,밥류,한식
볶음밥,볶음밥은 재료의 맛을 살려 간단히 즐기는 요리입니다.,#korean,#stirfry,#everyday,2,밥류,중식
비빔밥,비빔밥은 재료의 맛을 살려 간단히 즐기는 요리입니다.,#korean,#rice,#everyday,3,밥류,한식
삼각김밥,삼각김밥은 밥과 여러 재료를 김으로 말아 한입 크기로 썬 요리입니다.,#korean,#rice,#everyday,3,밥류,한식
수수밥,수수밥은 재료의 맛을 살려 간단히 즐기는 요리입니다.,#korean,#rice,#everyday,3,밥류,한식
알밥,알밥은 재료의 맛을 살려 간단히 즐기는 요리입니다.,#korean,#rice,#everyday,3,밥류,한식
영양돌솥밥,영양돌솥밥은 재료의 맛을 살려 간단히 즐기는 요리입니다.,#korean,#rice,#everyday,3,밥류,한식
오곡밥,오곡밥은 재료의 맛을 살려 간단히 즐기는 요리입니다.,#korean,#rice,#everyday,3,밥류,한식
오므라이스,오므라이스는 재료의 맛을 살려 간단히 즐기는 요리입니다.,#korean,#everyday,#classic,3,밥류,한식
우럭회덮밥,우럭회덮밥은 밥 위에 우럭회를 얹어 비벼 먹는 한 그릇 요리입니다.,#korean,#rice,#spicy,3,밥류,한식
율무밥,율무밥은 재료의 맛을 살려 간단히 즐기는 요리입니다.,#korean,#rice,#everyday,3,밥류,한식
김밥,김밥은 밥과 여러 재료를 김으로 말아 한입 크기로 썬 요리입니다.,#korean,#rice,#everyday,3,밥류,한식
넙치,넙치는 재료의 맛을 살려 간단히 즐기는 요리입니다.,#korean,#rice,#spicy,3,밥류,한식
누룽지,누룽지는 재료의 맛을 살려 간단히 즐기는 요리입니다.,#korean,#everyday,#classic,3,밥류,한식
돌솥,돌솥은 재료의 맛을 살려 간단히 즐기는 요리입니다.,#korean,#rice,#everyday,3,밥류,한식
묵밥,묵밥은 재료의 맛을 살려 간단히 즐기는 요리입니다.,#korean,#rice,#everyday,3,밥류,한식
보리밥,보리밥은 재료의 맛을 살려 간단히 즐기는 요리입니다.,#korean,#rice,#everyday,3,밥류,한식
커피,커피는 얼음과 함께 상큼하게 즐기는 음료입니다.,#korean,#everyday,#classic,3,음료 및 차류,카페-디저트
고구마,고구마는 재료의 맛을 살려 간단히 즐기는 요리입니다.,#korean,#veggie,#everyday,3,,한식
팝콘,팝콘은 재료의 맛을 살려 간단히 즐기는 요리입니다.,#korean,#everyday,#classic,3,,한식
달걀,달걀은 재료의 맛을 살려 간단히 즐기는 요리입니다.,#korean,#everyday,#classic,3,수·조·어·육류,한식
구포,구포는 얇은 쌀면을 맑은 육수에 담아 허브와 함께 먹는 베트남식 면 요리입니다.,#korean,#everyday,#classic,3,수·조·어·육류,한식
계란,계란은 재료의 맛을 살려 간단히 즐기는 요리입니다.,#korean,#rice,#everyday,3,밥류,한식
곤드레밥,곤드레밥은 재료의 맛을 살려 간단히 즐기는 요리입니다.,#korean,#rice,#everyday,3,밥류,한식
기장밥,기장밥은 재료의 맛을 살려 간단히 즐기는 요리입니다.,#korean,#rice,#everyday,3,밥류,한식
과ㆍ채주스,과ㆍ채주스는 얼음과 함께 상큼하게 즐기는 음료입니다.,#korean,#everyday,#classic,3,음료 및 차류,카페-디저트
라떼,라떼는 얼음과 함께 상큼하게 즐기는 음료입니다.,#korean,#everyday,#classic,3,음료 및 차류,카페-디저트
레몬청차,레몬청차는 얼음과 함께 상큼하게 즐기는 음료입니다.,#korean,#everyday,#classic,3,음료 및 차류,카페-디저트
밀크티,밀크티는 얼음과 함께 상큼하게 즐기는 음료입니다.,#korean,#everyday,#classic,3,음료 및 차류,카페-디저트
식혜,식혜는 재료의 맛을 살려 간단히 즐기는 요리입니다.,#korean,#everyday,#classic,3,음료 및 차류,카페-디저트
액상커피,액상커피는 얼음과 함께 상큼하게 즐기는 음료입니다.,#korean,#soup,#sweet,3,음료 및 차류,카페-디저트
게장,게장은 재료의 맛을 살려 간단히 즐기는 요리입니다.,#korean,#spicy,#everyday,3,젓갈류,한식
명란젓,명란젓은 재료의 맛을 살려 간단히 즐기는 요리입니다.,#korean,#spicy,#everyday,3,젓갈류,한식
조개젓,조개젓은 재료의 맛을 살려 간단히 즐기는 요리입니다.,#korean,#seafood,#spicy,3,젓갈류,한식
고추장아찌,고추장아찌는 재료의 맛을 살려 간단히 즐기는 요리입니다.,#korean,#pickled,#spicy,4,장아찌·절임류,한식
마늘쫑장아찌,마늘쫑장아찌는 재료의 맛을 살려 간단히 즐기는 요리입니다.,#korean,#pickled,#everyday,4,장아찌·절임류,한식
매실장아찌,매실장아찌는 재료의 맛을 살려 간단히 즐기는 요리입니다.,#korean,#pickled,#everyday,4,장아찌·절임류,한식
무장아찌,무장아찌는 재료의 맛을 살려 간단히 즐기는 요리입니다.,#korean,#pickled,#everyday,4,장아찌·절임류,한식
오이지,오이지는 재료의 맛을 살려 간단히 즐기는 요리입니다.,#korean,#everyday,#classic,3,장아찌·절임류,한식
스,스는 재료의 맛을 살려 간단히 즐기는 요리입니다.,#korean,#rice,#everyday,3,"장류, 양념류",한식
카레,카레는 재료의 맛을 살려 간단히 즐기는 요리입니다.,#indian,#everyday,#classic,3,"장류, 양념류",한식
밀크쉐이크,밀크쉐이크는 재료의 맛을 살려 간단히 즐기는 요리입니다.,#korean,#everyday,#classic,3,유제품류 및 빙과류,카페-디저트
빙수,빙수는 재료의 맛을 살려 간단히 즐기는 요리입니다.,#korean,#ricecake,#everyday,3,유제품류 및 빙과류,카페-디저트
크림_아이스,크림_아이스는 재료의 맛을 살려 간단히 즐기는 요리입니다.,#western,#dessert,#everyday,3,유제품류 및 빙과류,카페-디저트
우유,우유는 얼음과 함께 상큼하게 즐기는 음료입니다.,#korean,#everyday,#classic,3,유제품류 및 빙과류,한식
동치미,동치미는 재료의 맛을 살려 간단히 즐기는 요리입니다.,#korean,#everyday,#classic,3,김치류,한식
배추김치,배추김치는 재료의 맛을 살려 간단히 즐기는 요리입니다.,#korean,#fermented,#spicy,4,김치류,한식
백김치,백김치는 재료의 맛을 살려 간단히 즐기는 요리입니다.,#korean,#fermented,#spicy,4,김치류,한식
부추김치,부추김치는 재료의 맛을 살려 간단히 즐기는 요리입니다.,#korean,#fermented,#veggie,4,김치류,한식
얼갈이배추김치,얼갈이배추김치는 재료의 맛을 살려 간단히 즐기는 요리입니다.,#korean,#fermented,#spicy,4,김치류,한식
열무김치,열무김치는 재료의 맛을 살려 간단히 즐기는 요리입니다.,#korean,#fermented,#spicy,4,김치류,한식
열무물김치,열무물김치는 재료의 맛을 살려 간단히 즐기는 요리입니다.,#korean,#fermented,#spicy,4,김치류,한식
열무얼갈이김치,열무얼갈이김치는 재료의 맛을 살려 간단히 즐기는 요리입니다.,#korean,#fermented,#spicy,4,김치류,한식
오이,오이는 재료의 맛을 살려 간단히 즐기는 요리입니다.,#korean,#everyday,#classic,3,김치류,한식
유채김치,유채김치는 재료의 맛을 살려 간단히 즐기는 요리입니다.,#korean,#fermented,#spicy,4,김치류,한식
유채물김치,유채물김치는 재료의 맛을 살려 간단히 즐기는 요리입니다.,#korean,#fermented,#spicy,4,김치류,한식
총각김치,총각김치는 재료의 맛을 살려 간단히 즐기는 요리입니다.,#korean,#fermented,#spicy,4,김치류,한식
파김치,파김치는 재료의 맛을 살려 간단히 즐기는 요리입니다.,#korean,#fermented,#spicy,4,김치류,한식
물만두,물만두는 재료의 맛을 살려 간단히 즐기는 요리입니다.,#korean,#everyday,#classic,4,면 및 만두류,한식
밴댕이무침,밴댕이무침은 재료의 맛을 살려 간단히 즐기는 요리입니다.,#korean,#salad,#everyday,1,생채·무침류,한식
부추무침,부추무침은 재료의 맛을 살려 간단히 즐기는 요리입니다.,#korean,#salad,#veggie,1,생채·무침류,한식
상추,상추는 재료의 맛을 살려 간단히 즐기는 요리입니다.,#korean,#everyday,#classic,1,생채·무침류,한식
샐러드,샐러드는 재료의 맛을 살려 간단히 즐기는 요리입니다.,#korean,#everyday,#classic,1,생채·무침류,한식
쑥갓나물무침,쑥갓나물무침은 재료의 맛을 살려 간단히 즐기는 요리입니다.,#korean,#salad,#veggie,1,생채·무침류,한식
오이생채,오이생채는 재료의 맛을 살려 간단히 즐기는 요리입니다.,#korean,#everyday,#classic,3,생채·무침류,한식
탕평채,탕평채는 재료의 맛을 살려 간단히 즐기는 요리입니다.,#korean,#soup,#everyday,3,생채·무침류,한식
파무침,파무침은 재료의 맛을 살려 간단히 즐기는 요리입니다.,#korean,#salad,#everyday,1,생채·무침류,한식
홍어무침,홍어무침은 재료의 맛을 살려 간단히 즐기는 요리입니다.,#korean,#salad,#everyday,1,생채·무침류,한식
회무침,회무침은 재료의 맛을 살려 간단히 즐기는 요리입니다.,#korean,#salad,#everyday,1,생채·무침류,한식
갓김치,갓김치는 재료의 맛을 살려 간단히 즐기는 요리입니다.,#korean,#fermented,#spicy,4,김치류,한식
고들빼기김치,고들빼기김치는 재료의 맛을 살려 간단히 즐기는 요리입니다.,#korean,#fermented,#spicy,4,김치류,한식
깍두기,깍두기는 재료의 맛을 살려 간단히 즐기는 요리입니다.,#korean,#everyday,#classic,3,김치류,한식
깻잎김치,깻잎김치는 재료의 맛을 살려 간단히 즐기는 요리입니다.,#korean,#fermented,#spicy,4,김치류,한식
물냉면,물냉면은 재료의 맛을 살려 간단히 즐기는 요리입니다.,#korean,#noodle,#everyday,3,면 및 만두류,한식
미나리나물,미나리나물은 재료의 맛을 살려 간단히 즐기는 요리입니다.,#korean,#veggie,#everyday,2,나물·숙채류,한식
세발나물무침,세발나물무침은 재료의 맛을 살려 간단히 즐기는 요리입니다.,#korean,#salad,#veggie,1,나물·숙채류,한식
우거지나물무침,우거지나물무침은 재료의 맛을 살려 간단히 즐기는 요리입니다.,#korean,#salad,#veggie,1,나물·숙채류,한식
취나물무침,취나물무침은 재료의 맛을 살려 간단히 즐기는 요리입니다.,#korean,#salad,#veggie,1,나물·숙채류,한식
골뱅이무침,골뱅이무침은 재료의 맛을 살려 간단히 즐기는 요리입니다.,#korean,#salad,#everyday,1,생채·무침류,한식
냉채,냉채는 재료의 맛을 살려 간단히 즐기는 요리입니다.,#korean,#everyday,#classic,3,생채·무침류,한식
노각무침,노각무침은 재료의 맛을 살려 간단히 즐기는 요리입니다.,#korean,#salad,#everyday,1,생채·무침류,한식
단무지무침,단무지무침은 재료의 맛을 살려 간단히 즐기는 요리입니다.,#korean,#salad,#everyday,1,생채·무침류,한식
달래무침,달래무침은 재료의 맛을 살려 간단히 즐기는 요리입니다.,#korean,#salad,#everyday,1,생채·무침류,한식
더덕무침,더덕무침은 재료의 맛을 살려 간단히 즐기는 요리입니다.,#korean,#salad,#everyday,1,생채·무침류,한식
도라지생채,도라지생채는 재료의 맛을 살려 간단히 즐기는 요리입니다.,#korean,#everyday,#classic,3,생채·무침류,한식
무말랭이무침,무말랭이무침은 재료의 맛을 살려 간단히 즐기는 요리입니다.,#korean,#salad,#everyday,1,생채·무침류,한식
묵무침,묵무침은 재료의 맛을 살려 간단히 즐기는 요리입니다.,#korean,#salad,#everyday,1,생채·무침류,한식
물회,물회는 재료의 맛을 살려 간단히 즐기는 요리입니다.,#korean,#raw,#everyday,3,생채·무침류,한식
미역초무침,미역초무침은 재료의 맛을 살려 간단히 즐기는 요리입니다.,#korean,#salad,#veggie,1,생채·무침류,한식
배추,배추는 재료의 맛을 살려 간단히 즐기는 요리입니다.,#korean,#everyday,#classic,1,생채·무침류,한식
라조기,라조기는 재료의 맛을 살려 간단히 즐기는 요리입니다.,#chinese,#everyday,#classic,3,튀김류,분식
멘보샤,멘보샤는 재료의 맛을 살려 간단히 즐기는 요리입니다.,#korean,#everyday,#classic,3,튀김류,중식
미꾸라지튀김,미꾸라지튀김은 재료의 맛을 살려 간단히 즐기는 요리입니다.,#korean,#fried,#everyday,3,튀김류,한식
복어튀김,복어튀김은 재료의 맛을 살려 간단히 즐기는 요리입니다.,#korean,#fried,#everyday,3,튀김류,한식
북어강정,북어강정은 재료의 맛을 살려 간단히 즐기는 요리입니다.,#korean,#fried,#spicy,3,튀김류,한식
생선까스,생선까스는 재료의 맛을 살려 간단히 즐기는 요리입니다.,#korean,#everyday,#classic,3,튀김류,한식
양파링튀김,양파링튀김은 재료의 맛을 살려 간단히 즐기는 요리입니다.,#korean,#fried,#everyday,3,튀김류,한식
쥐포튀김,쥐포튀김은 재료의 맛을 살려 간단히 즐기는 요리입니다.,#korean,#fried,#everyday,3,튀김류,한식
치즈볼,치즈볼은 재료의 맛을 살려 간단히 즐기는 요리입니다.,#korean,#everyday,#classic,3,튀김류,한식
치즈스틱,치즈스틱은 재료의 맛을 살려 간단히 즐기는 요리입니다.,#korean,#everyday,#classic,3,튀김류,패스트푸드
치킨가스,치킨가스는 재료의 맛을 살려 간단히 즐기는 요리입니다.,"#korean,chicken",#chicken,#everyday,3,튀김류,치킨
탕수육,탕수육은 고기를 튀겨 새콤달콤한 소스를 끼얹어 먹는 중식 요리입니다.,#chinese,#soup,#pork,3,튀김류,중식
난자완스,난자완스는 재료의 맛을 살려 간단히 즐기는 요리입니다.,#indian,#everyday,#classic,3,튀김류,한식
고구마줄기나물,고구마줄기나물은 재료의 맛을 살려 간단히 즐기는 요리입니다.,#korean,#veggie,#everyday,2,나물·숙채류,한식
깻잎나물,깻잎나물은 재료의 맛을 살려 간단히 즐기는 요리입니다.,#korean,#veggie,#everyday,2,나물·숙채류,한식
깻잎나물볶음,깻잎나물볶음은 재료의 맛을 살려 간단히 즐기는 요리입니다.,#korean,#stirfry,#veggie,2,나물·숙채류,한식
머위나물무침,머위나물무침은 재료의 맛을 살려 간단히 즐기는 요리입니다.,#korean,#salad,#veggie,1,나물·숙채류,한식
김말이튀김,김말이튀김은 재료의 맛을 살려 간단히 즐기는 요리입니다.,#korean,#fried,#everyday,3,튀김류,한식
깐풍새우,깐풍새우는 재료의 맛을 살려 간단히 즐기는 요리입니다.,#chinese,#seafood,#everyday,3,튀김류,한식
닭모래집튀김,닭모래집튀김은 재료의 맛을 살려 간단히 즐기는 요리입니다.,#korean,#fried,#chicken,3,튀김류,한식
닭튀김,닭튀김은 재료의 맛을 살려 간단히 즐기는 요리입니다.,#korean,#fried,#chicken,3,튀김류,한식
돈가스,돈가스는 재료의 맛을 살려 간단히 즐기는 요리입니다.,#korean,#everyday,#classic,3,튀김류,돈까스-회
모밀국수,모밀국수는 재료의 맛을 살려 간단히 즐기는 요리입니다.,#korean,#soup,#everyday,3,면 및 만두류,한식
주꾸미삼겹살,주꾸미삼겹살은 재료의 맛을 살려 간단히 즐기는 요리입니다.,#korean,#pork,#seafood,3,볶음류,한식
해물볶음,해물볶음은 재료의 맛을 살려 간단히 즐기는 요리입니다.,#korean,#stirfry,#everyday,2,볶음류,한식
가자미조림,가자미조림은 재료의 맛을 살려 간단히 즐기는 요리입니다.,#korean,#braised,#everyday,3,조림류,한식
고등어조림,고등어조림은 재료의 맛을 살려 간단히 즐기는 요리입니다.,#korean,#braised,#seafood,3,조림류,한식
고추조림,고추조림은 재료의 맛을 살려 간단히 즐기는 요리입니다.,#korean,#braised,#spicy,3,조림류,한식
닭볶음탕,닭볶음탕은 재료의 맛을 살려 간단히 즐기는 요리입니다.,#korean,#stirfry,#chicken,2,조림류,한식
동태조림,동태조림은 재료의 맛을 살려 간단히 즐기는 요리입니다.,#korean,#braised,#seafood,3,조림류,한식
북어조림,북어조림은 재료의 맛을 살려 간단히 즐기는 요리입니다.,#korean,#braised,#everyday,3,조림류,한식
연근조림,연근조림은 재료의 맛을 살려 간단히 즐기는 요리입니다.,#korean,#braised,#everyday,3,조림류,한식
장조림,장조림은 재료의 맛을 살려 간단히 즐기는 요리입니다.,#korean,#braised,#pork,3,조림류,한식
조기조림,조기조림은 재료의 맛을 살려 간단히 즐기는 요리입니다.,#korean,#braised,#everyday,3,조림류,한식
콩조림,콩조림은 재료의 맛을 살려 간단히 즐기는 요리입니다.,#korean,#braised,#veggie,3,조림류,한식
감자튀김,감자튀김은 재료의 맛을 살려 간단히 즐기는 요리입니다.,#korean,#fried,#veggie,3,튀김류,한식
고구마맛탕,고구마맛탕은 재료의 맛을 살려 간단히 즐기는 요리입니다.,#korean,#soup,#veggie,3,튀김류,한식
고구마튀김,고구마튀김은 재료의 맛을 살려 간단히 즐기는 요리입니다.,#korean,#fried,#veggie,3,튀김류,한식
고추튀김,고추튀김은 재료의 맛을 살려 간단히 즐기는 요리입니다.,#korean,#fried,#spicy,3,튀김류,한식
만두탕수,만두탕수는 재료의 맛을 살려 간단히 즐기는 요리입니다.,#korean,#soup,#everyday,3,면 및 만두류,한식
멸치볶음,멸치볶음은 재료의 맛을 살려 간단히 즐기는 요리입니다.,#korean,#stirfry,#seafood,2,볶음류,한식
미역줄기볶음,미역줄기볶음은 재료의 맛을 살려 간단히 즐기는 요리입니다.,#korean,#stirfry,#veggie,2,볶음류,한식
버섯볶음,버섯볶음은 재료의 맛을 살려 간단히 즐기는 요리입니다.,#korean,#stirfry,#veggie,2,볶음류,한식
고기볶음,고기볶음은 재료의 맛을 살려 간단히 즐기는 요리입니다.,#korean,#stirfry,#beef,2,볶음류,카페-디저트
시지볶음,시지볶음은 재료의 맛을 살려 간단히 즐기는 요리입니다.,#western,#stirfry,#everyday,2,볶음류,양식
순,순은 재료의 맛을 살려 간단히 즐기는 요리입니다.,#korean,#stirfry,#spicy,2,볶음류,한식
오징어볶음,오징어볶음은 오징어와 채소를 매콤하게 볶아 만든 요리입니다.,#korean,#stirfry,#seafood,2,볶음류,한식
오징어채볶음,오징어채볶음은 재료의 맛을 살려 간단히 즐기는 요리입니다.,#korean,#stirfry,#seafood,2,볶음류,한식
잔멸치볶음,잔멸치볶음은 재료의 맛을 살려 간단히 즐기는 요리입니다.,#korean,#stirfry,#seafood,2,볶음류,한식
잡채,잡채는 당면에 채소와 고기를 간장 양념으로 볶아 버무린 요리입니다.,#korean,#beef,#veggie,3,볶음류,한식
주꾸미볶음,주꾸미볶음은 재료의 맛을 살려 간단히 즐기는 요리입니다.,#korean,#stirfry,#seafood,2,볶음류,한식
곱창볶음,곱창볶음은 재료의 맛을 살려 간단히 즐기는 요리입니다.,#korean,#stirfry,#pork,2,볶음류,한식
김치볶음,김치볶음은 재료의 맛을 살려 간단히 즐기는 요리입니다.,#korean,#stirfry,#spicy,2,볶음류,한식
느타리버섯볶음,느타리버섯볶음은 재료의 맛을 살려 간단히 즐기는 요리입니다.,#korean,#stirfry,#veggie,2,볶음류,한식
닭모래집볶음,닭모래집볶음은 재료의 맛을 살려 간단히 즐기는 요리입니다.,#korean,#stirfry,#chicken,2,볶음류,한식
닭볶음,닭볶음은 재료의 맛을 살려 간단히 즐기는 요리입니다.,#korean,#stirfry,#beef,2,볶음류,한식
돼지고기볶음,돼지고기볶음은 재료의 맛을 살려 간단히 즐기는 요리입니다.,#korean,#stirfry,#pork,2,볶음류,한식
두부김치,두부김치는 재료의 맛을 살려 간단히 즐기는 요리입니다.,#korean,#fermented,#veggie,4,볶음류,한식
떡볶이,떡볶이는 떡과 어묵을 매콤달콤한 양념에 볶아 만든 분식 요리입니다.,#korean,#stirfry,#sweet,4,볶음류,한식
마파두부,마파두부는 두부와 다진 고기를 알싸하게 볶아 만든 쓰촨식 중식 요리입니다.,#chinese,#veggie,#everyday,3,볶음류,중식
머위나물볶음,머위나물볶음은 재료의 맛을 살려 간단히 즐기는 요리입니다.,#korean,#stirfry,#veggie,2,볶음류,한식
생선전,생선전은 재료의 맛을 살려 간단히 즐기는 요리입니다.,#korean,#pancake,#seafood,3,전·적 및 부침류,한식
고기산적,고기산적은 재료의 맛을 살려 간단히 즐기는 요리입니다.,#korean,#beef,#everyday,3,전·적 및 부침류,한식
라산적,라산적은 재료의 맛을 살려 간단히 즐기는 요리입니다.,#korean,#everyday,#classic,3,전·적 및 부침류,한식
스크램블드에그,스크램블드에그는 재료의 맛을 살려 간단히 즐기는 요리입니다.,#korean,#everyday,#classic,3,전·적 및 부침류,한식
오징어산적,오징어산적은 재료의 맛을 살려 간단히 즐기는 요리입니다.,#korean,#seafood,#everyday,3,전·적 및 부침류,한식
완자전,완자전은 재료의 맛을 살려 간단히 즐기는 요리입니다.,#korean,#pancake,#beef,3,전·적 및 부침류,한식
채,채는 재료의 맛을 살려 간단히 즐기는 요리입니다.,#korean,#pancake,#veggie,3,전·적 및 부침류,한식
파전,파전은 재료의 맛을 살려 간단히 즐기는 요리입니다.,#korean,#pancake,#everyday,3,전·적 및 부침류,한식
해물파전,해물파전은 재료의 맛을 살려 간단히 즐기는 요리입니다.,#korean,#pancake,#everyday,3,전·적 및 부침류,한식
햄부침,햄부침은 재료의 맛을 살려 간단히 즐기는 요리입니다.,#korean,#pancake,#everyday,3,전·적 및 부침류,한식
호박전,호박전은 재료의 맛을 살려 간단히 즐기는 요리입니다.,#korean,#pancake,#everyday,3,전·적 및 부침류,한식
홍합산적,홍합산적은 재료의 맛을 살려 간단히 즐기는 요리입니다.,#korean,#seafood,#everyday,3,전·적 및 부침류,한식
화양적,화양적은 재료의 맛을 살려 간단히 즐기는 요리입니다.,#korean,#everyday,#classic,3,전·적 및 부침류,한식
감바스,감바스는 재료의 맛을 살려 간단히 즐기는 요리입니다.,#western,#everyday,#classic,3,볶음류,양식
감자볶음,감자볶음은 재료의 맛을 살려 간단히 즐기는 요리입니다.,#korean,#stirfry,#veggie,2,볶음류,한식
고추잡채,고추잡채는 당면에 채소와 고기를 간장 양념으로 볶아 버무린 요리입니다.,#korean,#baked,#spicy,3,볶음류,카페-디저트
황태구이,황태구이는 재료의 맛을 살려 간단히 즐기는 요리입니다.,#korean,#grilled,#everyday,2,구이류,한식
훈제오리,훈제오리는 재료의 맛을 살려 간단히 즐기는 요리입니다.,#korean,#everyday,#classic,3,구이류,한식
고추전,고추전은 재료의 맛을 살려 간단히 즐기는 요리입니다.,#korean,#pancake,#spicy,3,전·적 및 부침류,한식
굴전,굴전은 재료의 맛을 살려 간단히 즐기는 요리입니다.,#korean,#pancake,#seafood,3,전·적 및 부침류,한식
깻잎전,깻잎전은 재료의 맛을 살려 간단히 즐기는 요리입니다.,#korean,#pancake,#everyday,3,전·적 및 부침류,한식
꼬치구치,꼬치구치는 재료의 맛을 살려 간단히 즐기는 요리입니다.,#korean,#seafood,#everyday,3,전·적 및 부침류,한식
녹두빈,녹두빈은 재료의 맛을 살려 간단히 즐기는 요리입니다.,#korean,#ricecake,#everyday,4,전·적 및 부침류,한식
달걀말이,달걀말이는 재료의 맛을 살려 간단히 즐기는 요리입니다.,#korean,#everyday,#classic,3,전·적 및 부침류,한식
동태전,동태전은 재료의 맛을 살려 간단히 즐기는 요리입니다.,#korean,#pancake,#seafood,3,전·적 및 부침류,한식
두부부침,두부부침은 재료의 맛을 살려 간단히 즐기는 요리입니다.,#korean,#pancake,#veggie,3,전·적 및 부침류,한식
두부전,두부전은 재료의 맛을 살려 간단히 즐기는 요리입니다.,#korean,#pancake,#veggie,3,전·적 및 부침류,한식
미나리전,미나리전은 재료의 맛을 살려 간단히 즐기는 요리입니다.,#korean,#pancake,#everyday,3,전·적 및 부침류,한식
배추전,배추전은 재료의 맛을 살려 간단히 즐기는 요리입니다.,#korean,#pancake,#everyday,3,전·적 및 부침류,한식
버섯전,버섯전은 재료의 맛을 살려 간단히 즐기는 요리입니다.,#korean,#pancake,#veggie,3,전·적 및 부침류,한식
새우전,새우전은 재료의 맛을 살려 간단히 즐기는 요리입니다.,#korean,#pancake,#seafood,3,전·적 및 부침류,한식
마늘장아찌,마늘장아찌는 재료의 맛을 살려 간단히 즐기는 요리입니다.,#korean,#pickled,#everyday,4,장아찌·절임류,한식
돼지불고기,돼지불고기는 얇게 썬 소고기를 간장 양념에 재워 달큼하게 볶아 만든 요리입니다.,#korean,#pork,#beef,2,구이류,한식
막창구이,막창구이는 재료의 맛을 살려 간단히 즐기는 요리입니다.,#korean,#grilled,#beef,2,구이류,한식
불고기,불고기는 얇게 썬 소고기를 간장 양념에 재워 달큼하게 볶아 만든 요리입니다.,#korean,#beef,#everyday,3,구이류,한식
스테이크,스테이크는 재료의 맛을 살려 간단히 즐기는 요리입니다.,#western,#everyday,#classic,3,구이류,양식
연어구이,연어구이는 재료의 맛을 살려 간단히 즐기는 요리입니다.,#korean,#grilled,#seafood,2,구이류,한식
오겹살구이,오겹살구이는 재료의 맛을 살려 간단히 즐기는 요리입니다.,#korean,#grilled,#pork,2,구이류,한식
임연수구이,임연수구이는 재료의 맛을 살려 간단히 즐기는 요리입니다.,#korean,#grilled,#everyday,2,구이류,한식
장어구이,장어구이는 재료의 맛을 살려 간단히 즐기는 요리입니다.,#korean,#grilled,#everyday,2,구이류,한식
차돌박이구이,차돌박이구이는 재료의 맛을 살려 간단히 즐기는 요리입니다.,#korean,#grilled,#beef,2,구이류,카페-디저트
콘치즈구이,콘치즈구이는 재료의 맛을 살려 간단히 즐기는 요리입니다.,#korean,#grilled,#everyday,2,구이류,한식
함박스테이크,함박스테이크는 재료의 맛을 살려 간단히 즐기는 요리입니다.,#western,#everyday,#classic,3,구이류,양식
해물찜,해물찜은 재료의 맛을 살려 간단히 즐기는 요리입니다.,#korean,#steamed,#seafood,3,찜류,한식
가자미구이,가자미구이는 재료의 맛을 살려 간단히 즐기는 요리입니다.,#korean,#grilled,#everyday,2,구이류,한식
갈매기살구이,갈매기살구이는 재료의 맛을 살려 간단히 즐기는 요리입니다.,#korean,#grilled,#pork,2,구이류,한식
갈비구이,갈비구이는 재료의 맛을 살려 간단히 즐기는 요리입니다.,#korean,#grilled,#pork,2,구이류,한식
갈치구이,갈치구이는 재료의 맛을 살려 간단히 즐기는 요리입니다.,#korean,#grilled,#seafood,2,구이류,한식
꼬치구이,꼬치구이는 재료의 맛을 살려 간단히 즐기는 요리입니다.,#korean,#grilled,#chicken,2,구이류,한식
꿩불고기,꿩불고기는 얇게 썬 소고기를 간장 양념에 재워 달큼하게 볶아 만든 요리입니다.,#korean,#beef,#everyday,3,구이류,한식
창구이,창구이는 재료의 맛을 살려 간단히 즐기는 요리입니다.,#korean,#grilled,#beef,2,구이류,한식
더덕구이,더덕구이는 재료의 맛을 살려 간단히 즐기는 요리입니다.,#korean,#grilled,#everyday,2,구이류,한식
돼지갈비구이,돼지갈비구이는 재료의 맛을 살려 간단히 즐기는 요리입니다.,#korean,#grilled,#pork,2,구이류,한식
돼지껍데기구이,돼지껍데기구이는 재료의 맛을 살려 간단히 즐기는 요리입니다.,#korean,#grilled,#pork,2,구이류,한식
닭찜,닭찜은 재료의 맛을 살려 간단히 즐기는 요리입니다.,#korean,#steamed,#chicken,3,찜류,한식
구찜,구찜은 재료의 맛을 살려 간단히 즐기는 요리입니다.,#korean,#steamed,#everyday,3,찜류,한식
동태찜,동태찜은 재료의 맛을 살려 간단히 즐기는 요리입니다.,#korean,#steamed,#seafood,3,찜류,한식
동파육,동파육은 재료의 맛을 살려 간단히 즐기는 요리입니다.,#chinese,#everyday,#classic,3,찜류,찜-탕
돼지갈비찜,돼지갈비찜은 소갈비를 간장 양념에 푹 조려 부드럽게 익힌 찜 요리입니다.,#korean,#soup,#pork,3,찜류,한식
돼지고기,돼지고기는 재료의 맛을 살려 간단히 즐기는 요리입니다.,#korean,#pork,#everyday,3,찜류,한식
돼지등갈비찜,돼지등갈비찜은 소갈비를 간장 양념에 푹 조려 부드럽게 익힌 찜 요리입니다.,#korean,#steamed,#pork,3,찜류,한식
북어찜,북어찜은 재료의 맛을 살려 간단히 즐기는 요리입니다.,#korean,#steamed,#everyday,3,찜류,한식
붕어찜,붕어찜은 재료의 맛을 살려 간단히 즐기는 요리입니다.,#korean,#steamed,#everyday,3,찜류,한식
수란,수란은 재료의 맛을 살려 간단히 즐기는 요리입니다.,#korean,#soup,#everyday,3,찜류,한식
아귀찜,아귀찜은 재료의 맛을 살려 간단히 즐기는 요리입니다.,#korean,#steamed,#everyday,3,찜류,한식
오징어순,오징어순은 재료의 맛을 살려 간단히 즐기는 요리입니다.,#korean,#streetfood,#seafood,3,찜류,한식
조기찜,조기찜은 재료의 맛을 살려 간단히 즐기는 요리입니다.,#korean,#steamed,#everyday,3,찜류,한식
족발,족발은 재료의 맛을 살려 간단히 즐기는 요리입니다.,#korean,#everyday,#classic,3,찜류,족발-보쌈
청국장찌개,청국장찌개는 재료의 맛을 살려 간단히 즐기는 요리입니다.,#korean,#soup,#everyday,3,찌개 및 전골류,한식
추어탕,추어탕은 재료의 맛을 살려 간단히 즐기는 요리입니다.,#korean,#soup,#everyday,3,찌개 및 전골류,한식
해물탕,해물탕은 재료의 맛을 살려 간단히 즐기는 요리입니다.,#korean,#soup,#everyday,3,찌개 및 전골류,한식
해신탕,해신탕은 재료의 맛을 살려 간단히 즐기는 요리입니다.,#korean,#soup,#everyday,3,찌개 및 전골류,한식
호박찌개,호박찌개는 재료의 맛을 살려 간단히 즐기는 요리입니다.,#korean,#soup,#everyday,3,찌개 및 전골류,한식
훠궈,훠궈는 재료의 맛을 살려 간단히 즐기는 요리입니다.,#chinese,#beef,#everyday,3,찌개 및 전골류,중식
갈비찜,갈비찜은 소갈비를 간장 양념에 푹 조려 부드럽게 익힌 찜 요리입니다.,#korean,#steamed,#beef,3,찜류,한식
김치찜,김치찜은 재료의 맛을 살려 간단히 즐기는 요리입니다.,#korean,#steamed,#pork,3,찜류,한식
깻잎찜,깻잎찜은 재료의 맛을 살려 간단히 즐기는 요리입니다.,#korean,#steamed,#everyday,3,찜류,한식
꼬막무침,꼬막무침은 재료의 맛을 살려 간단히 즐기는 요리입니다.,#korean,#salad,#everyday,1,찜류,한식
꼬막찜,꼬막찜은 재료의 맛을 살려 간단히 즐기는 요리입니다.,#korean,#steamed,#everyday,3,찜류,한식
달걀찜,달걀찜은 재료의 맛을 살려 간단히 즐기는 요리입니다.,#korean,#steamed,#everyday,3,찜류,한식
들깻잎장아찌,들깻잎장아찌는 재료의 맛을 살려 간단히 즐기는 요리입니다.,#korean,#pickled,#everyday,4,장아찌·절임류,한식
불고기전골,불고기전골은 재료의 맛을 살려 간단히 즐기는 요리입니다.,#korean,#pancake,#beef,3,찌개 및 전골류,한식
불낙전골,불낙전골은 재료의 맛을 살려 간단히 즐기는 요리입니다.,#korean,#pancake,#everyday,3,찌개 및 전골류,한식
샤브샤브,샤브샤브는 재료의 맛을 살려 간단히 즐기는 요리입니다.,#korean,#beef,#everyday,3,찌개 및 전골류,한식
고기전골,고기전골은 재료의 맛을 살려 간단히 즐기는 요리입니다.,#korean,#pancake,#beef,3,찌개 및 전골류,한식
순두부찌개,순두부찌개는 몽글한 순두부에 양념을 풀어 보글보글 끓인 찌개 요리입니다.,#chinese,#soup,#veggie,3,찌개 및 전골류,한식
매운탕,매운탕은 재료의 맛을 살려 간단히 즐기는 요리입니다.,#korean,#soup,#spicy,3,찌개 및 전골류,한식
밀푀유나베,밀푀유나베는 재료의 맛을 살려 간단히 즐기는 요리입니다.,#korean,#spicy,#everyday,3,찌개 및 전골류,한식
버섯전골,버섯전골은 재료의 맛을 살려 간단히 즐기는 요리입니다.,#korean,#pancake,#veggie,3,찌개 및 전골류,한식
버섯찌개,버섯찌개는 재료의 맛을 살려 간단히 즐기는 요리입니다.,#korean,#soup,#veggie,3,찌개 및 전골류,한식
부,부는 재료의 맛을 살려 간단히 즐기는 요리입니다.,#korean,#soup,#everyday,3,찌개 및 전골류,한식
김치찌개,김치찌개는 신김치와 돼지고기를 넣어 칼칼하게 끓인 찌개 요리입니다.,#korean,#soup,#spicy,3,찌개 및 전골류,한식
꽁치찌개,꽁치찌개는 재료의 맛을 살려 간단히 즐기는 요리입니다.,#korean,#soup,#everyday,3,찌개 및 전골류,한식
꽃게탕,꽃게탕은 재료의 맛을 살려 간단히 즐기는 요리입니다.,#korean,#soup,#everyday,3,찌개 및 전골류,한식
나베,나베는 재료의 맛을 살려 간단히 즐기는 요리입니다.,#korean,#everyday,#classic,3,찌개 및 전골류,한식
낙지전골,낙지전골은 재료의 맛을 살려 간단히 즐기는 요리입니다.,#korean,#pancake,#seafood,3,찌개 및 전골류,한식
돼지고기찌개,돼지고기찌개는 재료의 맛을 살려 간단히 즐기는 요리입니다.,#korean,#soup,#pork,3,찌개 및 전골류,한식
된장찌개,된장찌개는 된장으로 국물을 내고 두부와 채소를 넣어 끓인 담백한 찌개 요리입니다.,#korean,#soup,#everyday,3,찌개 및 전골류,한식
두부전골,두부전골은 재료의 맛을 살려 간단히 즐기는 요리입니다.,#korean,#pancake,#veggie,3,찌개 및 전골류,한식
두부찌개,두부찌개는 재료의 맛을 살려 간단히 즐기는 요리입니다.,#korean,#soup,#seafood,3,찌개 및 전골류,한식
마라탕,마라탕은 재료의 맛을 살려 간단히 즐기는 요리입니다.,#chinese,#soup,#everyday,3,찌개 및 전골류,중식
만두전골,만두전골은 재료의 맛을 살려 간단히 즐기는 요리입니다.,#korean,#pancake,#everyday,3,찌개 및 전골류,한식
어탕,어탕은 재료의 맛을 살려 간단히 즐기는 요리입니다.,#korean,#soup,#everyday,3,국 및 탕류,한식
연포탕,연포탕은 재료의 맛을 살려 간단히 즐기는 요리입니다.,#korean,#soup,#everyday,3,국 및 탕류,한식
오이냉국,오이냉국은 재료의 맛을 살려 간단히 즐기는 요리입니다.,#korean,#soup,#everyday,3,국 및 탕류,한식
올갱이국,올갱이국은 재료의 맛을 살려 간단히 즐기는 요리입니다.,#korean,#soup,#everyday,3,국 및 탕류,한식
전복탕,전복탕은 재료의 맛을 살려 간단히 즐기는 요리입니다.,#korean,#soup,#seafood,3,국 및 탕류,한식
조개국,조개국은 재료의 맛을 살려 간단히 즐기는 요리입니다.,#korean,#soup,#seafood,3,국 및 탕류,한식
지리탕,지리탕은 재료의 맛을 살려 간단히 즐기는 요리입니다.,#korean,#soup,#everyday,3,국 및 탕류,한식
초당순두부,초당순두부는 재료의 맛을 살려 간단히 즐기는 요리입니다.,#korean,#veggie,#everyday,3,국 및 탕류,한식
해장국,해장국은 재료의 맛을 살려 간단히 즐기는 요리입니다.,#korean,#soup,#everyday,3,국 및 탕류,한식
홍합탕,홍합탕은 재료의 맛을 살려 간단히 즐기는 요리입니다.,#korean,#soup,#seafood,3,국 및 탕류,한식
황태해장국,황태해장국은 재료의 맛을 살려 간단히 즐기는 요리입니다.,#korean,#soup,#everyday,3,국 및 탕류,한식
무국물,무국물은 재료의 맛을 살려 간단히 즐기는 요리입니다.,#korean,#soup,#everyday,3,국 및 탕류,한식
고등어찌개,고등어찌개는 재료의 맛을 살려 간단히 즐기는 요리입니다.,#korean,#soup,#seafood,3,찌개 및 전골류,한식
곱창전골,곱창전골은 재료의 맛을 살려 간단히 즐기는 요리입니다.,#korean,#pancake,#everyday,3,찌개 및 전골류,한식
된장국,된장국은 재료의 맛을 살려 간단히 즐기는 요리입니다.,#korean,#soup,#veggie,3,국 및 탕류,한식
매생이국,매생이국은 재료의 맛을 살려 간단히 즐기는 요리입니다.,#korean,#soup,#everyday,3,국 및 탕류,한식
무국,무국은 재료의 맛을 살려 간단히 즐기는 요리입니다.,#korean,#soup,#beef,3,국 및 탕류,한식
묵말이,묵말이는 재료의 맛을 살려 간단히 즐기는 요리입니다.,#korean,#everyday,#classic,3,국 및 탕류,한식
미,미는 재료의 맛을 살려 간단히 즐기는 요리입니다.,#japanese,#soup,#everyday,3,국 및 탕류,한식
미역국,미역국은 미역을 볶아 육수에 끓인 담백한 국물 요리입니다.,#korean,#soup,#seafood,3,국 및 탕류,한식
새우탕,새우탕은 재료의 맛을 살려 간단히 즐기는 요리입니다.,#korean,#soup,#seafood,3,국 및 탕류,한식
탕,탕은 재료의 맛을 살려 간단히 즐기는 요리입니다.,#korean,#soup,#everyday,3,국 및 탕류,한식
아구탕,아구탕은 재료의 맛을 살려 간단히 즐기는 요리입니다.,#korean,#soup,#everyday,3,국 및 탕류,한식
어묵국,어묵국은 재료의 맛을 살려 간단히 즐기는 요리입니다.,#korean,#soup,#everyday,3,국 및 탕류,한식
쌀죽,쌀죽은 쌀을 넣어 부드럽게 끓인 죽 요리입니다.,#korean,#porridge,#everyday,3,죽 및 스프류,한식
어죽,어죽은 어를 넣어 부드럽게 끓인 죽 요리입니다.,#korean,#porridge,#everyday,3,죽 및 스프류,한식
율무죽,율무죽은 율무를 넣어 부드럽게 끓인 죽 요리입니다.,#korean,#porridge,#everyday,3,죽 및 스프류,한식
잣죽,잣죽은 잣을 넣어 부드럽게 끓인 죽 요리입니다.,#korean,#porridge,#everyday,3,죽 및 스프류,한식
참깨죽,참깨죽은 참깨를 넣어 부드럽게 끓인 죽 요리입니다.,#korean,#porridge,#everyday,3,죽 및 스프류,한식
참치죽,참치죽은 참치를 넣어 부드럽게 끓인 죽 요리입니다.,#korean,#porridge,#everyday,3,죽 및 스프류,한식
현미죽,현미죽은 현미를 넣어 부드럽게 끓인 죽 요리입니다.,#korean,#porridge,#everyday,3,죽 및 스프류,한식
감자국,감자국은 재료의 맛을 살려 간단히 즐기는 요리입니다.,#korean,#soup,#veggie,3,국 및 탕류,한식
게국지,게국지는 재료의 맛을 살려 간단히 즐기는 요리입니다.,#korean,#soup,#everyday,3,국 및 탕류,한식
곰치국,곰치국은 재료의 맛을 살려 간단히 즐기는 요리입니다.,#korean,#soup,#everyday,3,국 및 탕류,한식
곰탕,곰탕은 재료의 맛을 살려 간단히 즐기는 요리입니다.,#korean,#soup,#everyday,3,국 및 탕류,한식
김치국,김치국은 재료의 맛을 살려 간단히 즐기는 요리입니다.,#korean,#soup,#spicy,3,국 및 탕류,한식
낙지탕,낙지탕은 재료의 맛을 살려 간단히 즐기는 요리입니다.,#korean,#soup,#seafood,3,국 및 탕류,한식
달걀국,달걀국은 재료의 맛을 살려 간단히 즐기는 요리입니다.,#korean,#soup,#everyday,3,국 및 탕류,한식
칼국수,칼국수는 칼로 썬 도톰한 면을 멸치나 닭 육수에 끓여 먹는 면 요리입니다.,#korean,#soup,#everyday,3,면 및 만두류,한식
콩국수,콩국수는 재료의 맛을 살려 간단히 즐기는 요리입니다.,#korean,#soup,#veggie,3,면 및 만두류,한식
탄탄면,탄탄면은 재료의 맛을 살려 간단히 즐기는 요리입니다.,#chinese,#noodle,#everyday,3,면 및 만두류,한식
팟타이,팟타이는 쌀국수를 타마린드 소스로 볶아 땅콩을 곁들여 먹는 태국식 면 요리입니다.,#southeast_asian,#everyday,#classic,3,면 및 만두류,아시안
게살죽,게살죽은 게살을 넣어 부드럽게 끓인 죽 요리입니다.,#korean,#porridge,#everyday,3,죽 및 스프류,한식
깨죽,깨죽은 깨를 넣어 부드럽게 끓인 죽 요리입니다.,#korean,#porridge,#everyday,3,죽 및 스프류,한식
미음,미음은 재료의 맛을 살려 간단히 즐기는 요리입니다.,#korean,#everyday,#classic,3,죽 및 스프류,한식
백합죽,백합죽은 백합을 넣어 부드럽게 끓인 죽 요리입니다.,#korean,#porridge,#everyday,3,죽 및 스프류,한식
고기버섯죽,고기버섯죽은 고기버섯을 넣어 부드럽게 끓인 죽 요리입니다.,#korean,#porridge,#beef,3,죽 및 스프류,한식
스프,스프는 재료의 맛을 살려 간단히 즐기는 요리입니다.,#korean,#veggie,#everyday,3,죽 및 스프류,한식
울면,울면은 재료의 맛을 살려 간단히 즐기는 요리입니다.,#korean,#noodle,#everyday,3,면 및 만두류,한식
월남쌈,월남쌈은 재료의 맛을 살려 간단히 즐기는 요리입니다.,#korean,#beef,#everyday,3,면 및 만두류,한식
자장면,자장면은 춘장을 볶아 만든 검은 소스를 면에 비벼 먹는 중식 면 요리입니다.,#chinese,#noodle,#everyday,3,면 및 만두류,중식
짬뽕,짬뽕은 해물과 채소를 볶아 얼큰한 국물에 말아낸 중식 면 요리입니다.,#chinese,#soup,#everyday,3,면 및 만두류,중식
스파게티,스파게티는 얼음과 함께 상큼하게 즐기는 음료입니다.,#western,#noodle,#everyday,3,면 및 만두류,카페-디저트
스파게티_핫,스파게티_핫은 재료의 맛을 살려 간단히 즐기는 요리입니다.,#western,#noodle,#spicy,3,면 및 만두류,카페-디저트
쌀국수,쌀국수는 얇은 쌀면을 맑은 육수에 담아 허브와 함께 먹는 베트남식 면 요리입니다.,#southeast_asian,#soup,#everyday,3,면 및 만두류,한식
올갱이국수,올갱이국수는 재료의 맛을 살려 간단히 즐기는 요리입니다.,#korean,#soup,#everyday,3,면 및 만두류,한식
우동,우동은 장국에 면과 재료를 넣어 간단히 즐기는 일본식 면 요리입니다.,#japanese,#noodle,#everyday,3,면 및 만두류,돈까스-회
비빔국수,비빔국수는 삶은 가는 국수에 고추장 양념과 채소를 비벼 먹는 면 요리입니다.,#korean,#soup,#everyday,3,면 및 만두류,한식
비빔면,비빔면은 재료의 맛을 살려 간단히 즐기는 요리입니다.,#korean,#noodle,#pork,3,면 및 만두류,한식
수제비,수제비는 재료의 맛을 살려 간단히 즐기는 요리입니다.,#korean,#veggie,#everyday,4,면 및 만두류,한식
만두,만두는 재료의 맛을 살려 간단히 즐기는 요리입니다.,#korean,#everyday,#classic,4,면 및 만두류,한식
만두국,만두국은 재료의 맛을 살려 간단히 즐기는 요리입니다.,#korean,#soup,#everyday,3,면 및 만두류,한식
메밀,메밀은 재료의 맛을 살려 간단히 즐기는 요리입니다.,#japanese,#noodle,#everyday,3,면 및 만두류,미분류
밀면,밀면은 재료의 맛을 살려 간단히 즐기는 요리입니다.,#korean,#noodle,#everyday,3,면 및 만두류,한식
볶음면,볶음면은 재료의 맛을 살려 간단히 즐기는 요리입니다.,#japanese,#stirfry,#beef,2,면 및 만두류,고기
분짜,분짜는 재료의 맛을 살려 간단히 즐기는 요리입니다.,#southeast_asian,#everyday,#classic,3,면 및 만두류,아시안
약과,약과는 재료의 맛을 살려 간단히 즐기는 요리입니다.,#korean,#everyday,#classic,3,빵 및 과자류,카페-디저트
유과,유과는 재료의 맛을 살려 간단히 즐기는 요리입니다.,#korean,#everyday,#classic,3,빵 및 과자류,카페-디저트
기스면,기스면은 재료의 맛을 살려 간단히 즐기는 요리입니다.,#korean,#noodle,#everyday,3,면 및 만두류,한식
라멘,라멘은 진한 육수에 면과 토핑을 곁들여 먹는 일본식 면 요리입니다.,#japanese,#noodle,#spicy,3,면 및 만두류,돈까스-회
케이크,케이크는 버터와 설탕의 조화를 살린 달콤한 디저트입니다.,#western,#baked,#everyday,3,빵 및 과자류,카페-디저트
크로켓,크로켓은 재료의 맛을 살려 간단히 즐기는 요리입니다.,#korean,#veggie,#everyday,3,빵 및 과자류,카페-디저트
파이,파이는 버터와 설탕의 조화를 살린 달콤한 디저트입니다.,#western,#baked,#everyday,3,빵 및 과자류,카페-디저트
페이스트리,페이스트리는 재료의 맛을 살려 간단히 즐기는 요리입니다.,#western,#everyday,#classic,3,빵 및 과자류,카페-디저트
프레즐,프레즐은 재료의 맛을 살려 간단히 즐기는 요리입니다.,#korean,#everyday,#classic,3,빵 및 과자류,카페-디저트
도그_핫,도그_핫은 재료의 맛을 살려 간단히 즐기는 요리입니다.,#western,#streetfood,#everyday,3,빵 및 과자류,패스트푸드
매작과,매작과는 재료의 맛을 살려 간단히 즐기는 요리입니다.,#korean,#everyday,#classic,3,빵 및 과자류,카페-디저트
산자,산자는 재료의 맛을 살려 간단히 즐기는 요리입니다.,#korean,#everyday,#classic,3,빵 및 과자류,카페-디저트
찹쌀떡,찹쌀떡은 재료의 맛을 살려 간단히 즐기는 요리입니다.,#korean,#ricecake,#everyday,4,빵 및 과자류,카페-디저트
다식,다식은 재료의 맛을 살려 간단히 즐기는 요리입니다.,#korean,#everyday,#classic,3,빵 및 과자류,카페-디저트
다쿠아즈,다쿠아즈는 재료의 맛을 살려 간단히 즐기는 요리입니다.,#korean,#everyday,#classic,3,빵 및 과자류,카페-디저트
도넛,도넛은 버터와 설탕의 조화를 살린 달콤한 디저트입니다.,#western,#dessert,#everyday,3,빵 및 과자류,카페-디저트
마카롱,마카롱은 버터와 설탕의 조화를 살린 달콤한 디저트입니다.,#western,#everyday,#classic,3,빵 및 과자류,카페-디저트
버터크림빵,버터크림빵은 반죽을 숙성해 구워낸 담백한 빵입니다.,#korean,#baked,#everyday,3,빵 및 과자류,카페-디저트
샌드위치,샌드위치는 재료의 맛을 살려 간단히 즐기는 요리입니다.,#western,#chicken,#everyday,3,빵 및 과자류,패스트푸드
보로빵,보로빵은 반죽을 숙성해 구워낸 담백한 빵입니다.,#korean,#baked,#everyday,3,빵 및 과자류,카페-디저트
식빵,식빵은 반죽을 숙성해 구워낸 담백한 빵입니다.,#korean,#baked,#everyday,3,빵 및 과자류,카페-디저트
앙금빵,앙금빵은 반죽을 숙성해 구워낸 담백한 빵입니다.,#korean,#baked,#everyday,3,빵 및 과자류,카페-디저트
백설기,백설기는 재료의 맛을 살려 간단히 즐기는 요리입니다.,#korean,#veggie,#everyday,3,빵 및 과자류,카페-디저트
빙떡,빙떡은 재료의 맛을 살려 간단히 즐기는 요리입니다.,#korean,#pancake,#everyday,3,빵 및 과자류,카페-디저트
송편,송편은 재료의 맛을 살려 간단히 즐기는 요리입니다.,#korean,#ricecake,#veggie,3,빵 및 과자류,카페-디저트
수수경단,수수경단은 재료의 맛을 살려 간단히 즐기는 요리입니다.,#korean,#everyday,#classic,3,빵 및 과자류,카페-디저트
수수부꾸미,수수부꾸미는 재료의 맛을 살려 간단히 즐기는 요리입니다.,#korean,#everyday,#classic,3,빵 및 과자류,카페-디저트
수수팥떡,수수팥떡은 재료의 맛을 살려 간단히 즐기는 요리입니다.,#korean,#ricecake,#everyday,4,빵 및 과자류,카페-디저트
시루떡,시루떡은 재료의 맛을 살려 간단히 즐기는 요리입니다.,#korean,#ricecake,#everyday,4,빵 및 과자류,카페-디저트
쑥떡,쑥떡은 재료의 맛을 살려 간단히 즐기는 요리입니다.,#korean,#ricecake,#everyday,4,빵 및 과자류,카페-디저트
약식,약식은 재료의 맛을 살려 간단히 즐기는 요리입니다.,#korean,#everyday,#classic,3,빵 및 과자류,카페-디저트
인절미,인절미는 재료의 맛을 살려 간단히 즐기는 요리입니다.,#korean,#ricecake,#veggie,3,빵 및 과자류,카페-디저트
절편,절편은 재료의 맛을 살려 간단히 즐기는 요리입니다.,#korean,#ricecake,#everyday,3,빵 및 과자류,카페-디저트
찰시루떡,찰시루떡은 재료의 맛을 살려 간단히 즐기는 요리입니다.,#korean,#ricecake,#everyday,4,빵 및 과자류,카페-디저트
초밥,초밥은 식초로 간한 밥 위에 재료를 올려 쥔 일본식 초밥입니다.,#japanese,#rice,#everyday,3,밥류,돈까스-회
캘리포니아롤,캘리포니아롤은 재료의 맛을 살려 간단히 즐기는 요리입니다.,#korean,#everyday,#classic,3,밥류,한식
콩밥,콩밥은 재료의 맛을 살려 간단히 즐기는 요리입니다.,#korean,#rice,#veggie,3,밥류,한식
가래떡,가래떡은 재료의 맛을 살려 간단히 즐기는 요리입니다.,#korean,#ricecake,#everyday,4,빵 및 과자류,카페-디저트
개피떡,개피떡은 재료의 맛을 살려 간단히 즐기는 요리입니다.,#korean,#ricecake,#everyday,4,빵 및 과자류,카페-디저트
경단,경단은 재료의 맛을 살려 간단히 즐기는 요리입니다.,#korean,#everyday,#classic,3,빵 및 과자류,카페-디저트
기피편,기피편은 재료의 맛을 살려 간단히 즐기는 요리입니다.,#korean,#everyday,#classic,3,빵 및 과자류,카페-디저트
모듬찰떡,모듬찰떡은 재료의 맛을 살려 간단히 즐기는 요리입니다.,#korean,#ricecake,#everyday,4,빵 및 과자류,카페-디저트
모싯잎송편,모싯잎송편은 재료의 맛을 살려 간단히 즐기는 요리입니다.,#korean,#ricecake,#everyday,3,빵 및 과자류,카페-디저트
무지개떡,무지개떡은 재료의 맛을 살려 간단히 즐기는 요리입니다.,#korean,#ricecake,#everyday,4,빵 및 과자류,카페-디저트
새우튀김롤,새우튀김롤은 재료의 맛을 살려 간단히 즐기는 요리입니다.,#korean,#fried,#seafood,3,밥류,한식
쌀밥,쌀밥은 재료의 맛을 살려 간단히 즐기는 요리입니다.,#korean,#rice,#everyday,3,밥류,한식
연어롤,연어롤은 재료의 맛을 살려 간단히 즐기는 요리입니다.,#korean,#seafood,#everyday,3,밥류,한식
연잎밥,연잎밥은 재료의 맛을 살려 간단히 즐기는 요리입니다.,#korean,#rice,#everyday,3,밥류,한식
자장밥,자장밥은 재료의 맛을 살려 간단히 즐기는 요리입니다.,#chinese,#rice,#everyday,3,밥류,중식
덮밥,덮밥은 재료의 맛을 살려 간단히 즐기는 요리입니다.,#korean,#rice,#veggie,3,밥류,한식
리,리는 재료의 맛을 살려 간단히 즐기는 요리입니다.,#western,#veggie,#everyday,3,밥류,양식
홍차_핫,홍차_핫은 재료의 맛을 살려 간단히 즐기는 요리입니다.,#korean,#everyday,#classic,3,음료 및 차류,카페-디저트
홍차_아이스,홍차_아이스는 재료의 맛을 살려 간단히 즐기는 요리입니다.,#korean,#everyday,#classic,3,음료 및 차류,카페-디저트
과일,과일은 재료의 맛을 살려 간단히 즐기는 요리입니다.,#korean,#everyday,#classic,3,과일류,한식
견과,견과는 재료의 맛을 살려 간단히 즐기는 요리입니다.,#korean,#everyday,#classic,3,"두류, 견과 및 종실류",한식
곤드레나물밥,곤드레나물밥은 재료의 맛을 살려 간단히 즐기는 요리입니다.,#korean,#rice,#veggie,2,밥류,한식
국밥,국밥은 재료의 맛을 살려 간단히 즐기는 요리입니다.,#korean,#soup,#everyday,3,밥류,한식
귀리밥,귀리밥은 재료의 맛을 살려 간단히 즐기는 요리입니다.,#korean,#rice,#everyday,3,밥류,한식
누룽지_핫,누룽지_핫은 재료의 맛을 살려 간단히 즐기는 요리입니다.,#korean,#everyday,#classic,3,밥류,한식
홍차,홍차는 얼음과 함께 상큼하게 즐기는 음료입니다.,#korean,#everyday,#classic,3,음료 및 차류,카페-디저트
허브차,허브차는 얼음과 함께 상큼하게 즐기는 음료입니다.,#korean,#everyday,#classic,3,음료 및 차류,카페-디저트
허브차_아이스,허브차_아이스는 재료의 맛을 살려 간단히 즐기는 요리입니다.,#korean,#everyday,#classic,3,음료 및 차류,카페-디저트
허브차_핫,허브차_핫은 재료의 맛을 살려 간단히 즐기는 요리입니다.,#korean,#everyday,#classic,3,음료 및 차류,카페-디저트
코코아_핫,코코아_핫은 재료의 맛을 살려 간단히 즐기는 요리입니다.,#korean,#sweet,#everyday,3,음료 및 차류,카페-디저트
코코아_아이스,코코아_아이스는 재료의 맛을 살려 간단히 즐기는 요리입니다.,#korean,#sweet,#everyday,3,음료 및 차류,카페-디저트
콤부차,콤부차는 얼음과 함께 상큼하게 즐기는 음료입니다.,#korean,#everyday,#classic,3,음료 및 차류,카페-디저트
탄산음료,탄산음료는 재료의 맛을 살려 간단히 즐기는 요리입니다.,#korean,#everyday,#classic,3,음료 및 차류,카페-디저트
탄산음료_아이스,탄산음료_아이스는 재료의 맛을 살려 간단히 즐기는 요리입니다.,#korean,#everyday,#classic,3,음료 및 차류,카페-디저트
커피_핫,커피_핫은 재료의 맛을 살려 간단히 즐기는 요리입니다.,#korean,#everyday,#classic,3,음료 및 차류,카페-디저트
커피_아이스,커피_아이스는 재료의 맛을 살려 간단히 즐기는 요리입니다.,#korean,#everyday,#classic,3,음료 및 차류,카페-디저트
코코아,코코아는 재료의 맛을 살려 간단히 즐기는 요리입니다.,#korean,#sweet,#everyday,3,음료 및 차류,카페-디저트
스무디,스무디는 얼음과 함께 상큼하게 즐기는 음료입니다.,#korean,#everyday,#classic,3,음료 및 차류,카페-디저트
스무디_아이스,스무디_아이스는 재료의 맛을 살려 간단히 즐기는 요리입니다.,#korean,#everyday,#classic,3,음료 및 차류,카페-디저트
스무디_핫,스무디_핫은 재료의 맛을 살려 간단히 즐기는 요리입니다.,#korean,#everyday,#classic,3,음료 및 차류,카페-디저트
생강차,생강차는 얼음과 함께 상큼하게 즐기는 음료입니다.,#korean,#everyday,#classic,3,음료 및 차류,카페-디저트
사과차_핫,사과차_핫은 재료의 맛을 살려 간단히 즐기는 요리입니다.,#korean,#everyday,#classic,3,음료 및 차류,카페-디저트
사과차,사과차는 얼음과 함께 상큼하게 즐기는 음료입니다.,#korean,#everyday,#classic,3,음료 및 차류,카페-디저트
사과차_아이스,사과차_아이스는 재료의 맛을 살려 간단히 즐기는 요리입니다.,#korean,#everyday,#classic,3,음료 및 차류,카페-디저트
생강차_아이스,생강차_아이스는 재료의 맛을 살려 간단히 즐기는 요리입니다.,#korean,#everyday,#classic,3,음료 및 차류,카페-디저트
생강차_핫,생강차_핫은 재료의 맛을 살려 간단히 즐기는 요리입니다.,#korean,#everyday,#classic,3,음료 및 차류,카페-디저트
밀크티_아이스,밀크티_아이스는 재료의 맛을 살려 간단히 즐기는 요리입니다.,#korean,#everyday,#classic,3,음료 및 차류,카페-디저트
밀크티_핫,밀크티_핫은 재료의 맛을 살려 간단히 즐기는 요리입니다.,#korean,#everyday,#classic,3,음료 및 차류,카페-디저트
뱅쇼,뱅쇼는 재료의 맛을 살려 간단히 즐기는 요리입니다.,#korean,#everyday,#classic,3,음료 및 차류,카페-디저트
뱅쇼_아이스,뱅쇼_아이스는 재료의 맛을 살려 간단히 즐기는 요리입니다.,#korean,#everyday,#classic,3,음료 및 차류,카페-디저트
뱅쇼_핫,뱅쇼_핫은 재료의 맛을 살려 간단히 즐기는 요리입니다.,#korean,#everyday,#classic,3,음료 및 차류,카페-디저트
복숭아홍차_아이스,복숭아홍차_아이스는 재료의 맛을 살려 간단히 즐기는 요리입니다.,#korean,#everyday,#classic,3,음료 및 차류,카페-디저트
복숭아홍차_핫,복숭아홍차_핫은 재료의 맛을 살려 간단히 즐기는 요리입니다.,#korean,#everyday,#classic,3,음료 및 차류,카페-디저트
마테차_핫,마테차_핫은 재료의 맛을 살려 간단히 즐기는 요리입니다.,#korean,#everyday,#classic,3,음료 및 차류,카페-디저트
미숫가루_아이스,미숫가루_아이스는 재료의 맛을 살려 간단히 즐기는 요리입니다.,#korean,#everyday,#classic,3,음료 및 차류,카페-디저트
미숫가루,미숫가루는 재료의 맛을 살려 간단히 즐기는 요리입니다.,#korean,#everyday,#classic,3,음료 및 차류,카페-디저트
미숫가루_핫,미숫가루_핫은 재료의 맛을 살려 간단히 즐기는 요리입니다.,#korean,#everyday,#classic,3,음료 및 차류,카페-디저트
레몬차_아이스,레몬차_아이스는 재료의 맛을 살려 간단히 즐기는 요리입니다.,#korean,#everyday,#classic,3,음료 및 차류,카페-디저트
레몬차_핫,레몬차_핫은 재료의 맛을 살려 간단히 즐기는 요리입니다.,#korean,#everyday,#classic,3,음료 및 차류,카페-디저트
레몬차,레몬차는 얼음과 함께 상큼하게 즐기는 음료입니다.,#korean,#everyday,#classic,3,음료 및 차류,카페-디저트
레몬홍차_아이스,레몬홍차_아이스는 재료의 맛을 살려 간단히 즐기는 요리입니다.,#korean,#everyday,#classic,3,음료 및 차류,카페-디저트
레몬홍차_핫,레몬홍차_핫은 재료의 맛을 살려 간단히 즐기는 요리입니다.,#korean,#everyday,#classic,3,음료 및 차류,카페-디저트
마테차,마테차는 얼음과 함께 상큼하게 즐기는 음료입니다.,#korean,#everyday,#classic,3,음료 및 차류,카페-디저트
마테차_아이스,마테차_아이스는 재료의 맛을 살려 간단히 즐기는 요리입니다.,#korean,#everyday,#classic,3,음료 및 차류,카페-디저트
라떼_아이스,라떼_아이스는 재료의 맛을 살려 간단히 즐기는 요리입니다.,#western,#baked,#sweet,3,음료 및 차류,카페-디저트
라떼_핫,라떼_핫은 재료의 맛을 살려 간단히 즐기는 요리입니다.,#western,#baked,#sweet,3,음료 및 차류,카페-디저트
추차_아이스,추차_아이스는 재료의 맛을 살려 간단히 즐기는 요리입니다.,#korean,#everyday,#classic,3,음료 및 차류,카페-디저트
추차_핫,추차_핫은 재료의 맛을 살려 간단히 즐기는 요리입니다.,#korean,#everyday,#classic,3,음료 및 차류,카페-디저트
녹차_핫,녹차_핫은 재료의 맛을 살려 간단히 즐기는 요리입니다.,#korean,#everyday,#classic,3,음료 및 차류,카페-디저트
녹차_아이스,녹차_아이스는 재료의 맛을 살려 간단히 즐기는 요리입니다.,#korean,#everyday,#classic,3,음료 및 차류,카페-디저트
추차,추차는 얼음과 함께 상큼하게 즐기는 음료입니다.,#korean,#everyday,#classic,3,음료 및 차류,카페-디저트
기타차,기타차는 얼음과 함께 상큼하게 즐기는 음료입니다.,#korean,#everyday,#classic,3,음료 및 차류,카페-디저트
꿀차,꿀차는 얼음과 함께 상큼하게 즐기는 음료입니다.,#korean,#sweet,#everyday,3,음료 및 차류,카페-디저트
녹차,녹차는 얼음과 함께 상큼하게 즐기는 음료입니다.,#korean,#everyday,#classic,3,음료 및 차류,카페-디저트
기타차_아이스,기타차_아이스는 재료의 맛을 살려 간단히 즐기는 요리입니다.,#korean,#everyday,#classic,3,음료 및 차류,카페-디저트
기타차_핫,기타차_핫은 재료의 맛을 살려 간단히 즐기는 요리입니다.,#korean,#everyday,#classic,3,음료 및 차류,카페-디저트
귤차_아이스,귤차_아이스는 재료의 맛을 살려 간단히 즐기는 요리입니다.,#korean,#everyday,#classic,3,음료 및 차류,카페-디저트
귤차_핫,귤차_핫은 재료의 맛을 살려 간단히 즐기는 요리입니다.,#korean,#everyday,#classic,3,음료 및 차류,카페-디저트
기타음료,기타음료는 재료의 맛을 살려 간단히 즐기는 요리입니다.,#korean,#everyday,#classic,3,음료 및 차류,카페-디저트
기타음료_아이스,기타음료_아이스는 재료의 맛을 살려 간단히 즐기는 요리입니다.,#korean,#everyday,#classic,3,음료 및 차류,카페-디저트
귤차,귤차는 얼음과 함께 상큼하게 즐기는 음료입니다.,#korean,#everyday,#classic,3,음료 및 차류,카페-디저트
요구르트,요구르트는 재료의 맛을 살려 간단히 즐기는 요리입니다.,#korean,#everyday,#classic,3,유제품류 및 빙과류,한식
치즈,치즈는 재료의 맛을 살려 간단히 즐기는 요리입니다.,#korean,#everyday,#classic,3,유제품류 및 빙과류,한식
과ㆍ채주스_핫,과ㆍ채주스_핫은 재료의 맛을 살려 간단히 즐기는 요리입니다.,#korean,#everyday,#classic,3,음료 및 차류,카페-디저트
샤베트,샤베트는 재료의 맛을 살려 간단히 즐기는 요리입니다.,#korean,#everyday,#classic,3,유제품류 및 빙과류,한식
빙수_아이스,빙수_아이스는 재료의 맛을 살려 간단히 즐기는 요리입니다.,#korean,#everyday,#classic,3,유제품류 및 빙과류,카페-디저트
북어튀김,북어튀김은 재료의 맛을 살려 간단히 즐기는 요리입니다.,#korean,#fried,#everyday,3,튀김류,한식
새우튀김,새우튀김은 재료의 맛을 살려 간단히 즐기는 요리입니다.,#korean,#fried,#seafood,3,튀김류,한식
오징어튀김,오징어튀김은 재료의 맛을 살려 간단히 즐기는 요리입니다.,#korean,#fried,#seafood,3,튀김류,한식
우유튀김,우유튀김은 재료의 맛을 살려 간단히 즐기는 요리입니다.,#korean,#fried,#everyday,3,튀김류,한식
샐러드_핫,샐러드_핫은 재료의 맛을 살려 간단히 즐기는 요리입니다.,#western,#streetfood,#everyday,1,생채·무침류,패스트푸드
떡강정,떡강정은 재료의 맛을 살려 간단히 즐기는 요리입니다.,#korean,#fried,#everyday,4,튀김류,한식
닭껍데기튀김,닭껍데기튀김은 재료의 맛을 살려 간단히 즐기는 요리입니다.,#korean,#fried,#chicken,3,튀김류,한식
닭발튀김,닭발튀김은 재료의 맛을 살려 간단히 즐기는 요리입니다.,#korean,#fried,#chicken,3,튀김류,한식
닭튀김_핫,닭튀김_핫은 재료의 맛을 살려 간단히 즐기는 요리입니다.,"#korean,chicken",#fried,#chicken,3,튀김류,치킨
허니콤보,허니콤보는 재료의 맛을 살려 간단히 즐기는 요리입니다.,"#korean,chicken",#fried,#chicken,3,튀김류,치킨
닭다리튀김,닭다리튀김은 재료의 맛을 살려 간단히 즐기는 요리입니다.,"#korean,chicken",#fried,#chicken,3,튀김류,치킨
닭다리구이,닭다리구이는 재료의 맛을 살려 간단히 즐기는 요리입니다.,"#korean,chicken",#grilled,#chicken,2,구이류,치킨
닭발구이,닭발구이는 재료의 맛을 살려 간단히 즐기는 요리입니다.,#korean,#grilled,#chicken,2,구이류,한식
감자그라탕,감자그라탕은 재료의 맛을 살려 간단히 즐기는 요리입니다.,#western,#soup,#veggie,3,구이류,한식
미트볼조림,미트볼조림은 재료의 맛을 살려 간단히 즐기는 요리입니다.,#western,#braised,#everyday,3,조림류,양식
크로플,크로플은 재료의 맛을 살려 간단히 즐기는 요리입니다.,#western,#everyday,#classic,3,빵 및 과자류,카페-디저트
크로플_아이스,크로플_아이스는 재료의 맛을 살려 간단히 즐기는 요리입니다.,#western,#dessert,#everyday,3,빵 및 과자류,카페-디저트
초콜릿,초콜릿은 재료의 맛을 살려 간단히 즐기는 요리입니다.,#korean,#sweet,#everyday,3,빵 및 과자류,카페-디저트
캔디,캔디는 재료의 맛을 살려 간단히 즐기는 요리입니다.,#korean,#everyday,#classic,3,빵 및 과자류,카페-디저트
금빵,금빵은 반죽을 숙성해 구워낸 담백한 빵입니다.,#korean,#baked,#everyday,3,빵 및 과자류,카페-디저트
비스킷,비스킷은 버터와 설탕의 조화를 살린 달콤한 디저트입니다.,#western,#baked,#sweet,3,빵 및 과자류,카페-디저트
시리얼,시리얼은 재료의 맛을 살려 간단히 즐기는 요리입니다.,#western,#everyday,#classic,3,빵 및 과자류,카페-디저트
웨이퍼,웨이퍼는 재료의 맛을 살려 간단히 즐기는 요리입니다.,#korean,#sweet,#everyday,3,빵 및 과자류,카페-디저트
베어리스타,베어리스타는 재료의 맛을 살려 간단히 즐기는 요리입니다.,#western,#dessert,#everyday,3,빵 및 과자류,카페-디저트
트로피컬원더,트로피컬원더는 재료의 맛을 살려 간단히 즐기는 요리입니다.,#western,#dessert,#everyday,3,빵 및 과자류,카페-디저트
호밀빵,호밀빵은 반죽을 숙성해 구워낸 담백한 빵입니다.,#korean,#baked,#everyday,3,빵 및 과자류,카페-디저트
효모빵,효모빵은 반죽을 숙성해 구워낸 담백한 빵입니다.,#korean,#baked,#everyday,3,빵 및 과자류,카페-디저트
콩나물냉채,콩나물냉채는 재료의 맛을 살려 간단히 즐기는 요리입니다.,#korean,#veggie,#everyday,2,생채·무침류,한식
해파리냉채,해파리냉채는 재료의 맛을 살려 간단히 즐기는 요리입니다.,#korean,#everyday,#classic,3,생채·무침류,한식
햄샐러드,햄샐러드는 햄을 주재료로 드레싱과 함께 버무린 샐러드입니다.,#korean,#everyday,#classic,1,생채·무침류,한식
보쌈김치,보쌈김치는 재료의 맛을 살려 간단히 즐기는 요리입니다.,#korean,#fermented,#spicy,4,김치류,족발-보쌈
오이김치,오이김치는 재료의 맛을 살려 간단히 즐기는 요리입니다.,#korean,#fermented,#spicy,4,김치류,한식
짜장,짜장은 재료의 맛을 살려 간단히 즐기는 요리입니다.,#chinese,#everyday,#classic,3,"장류, 양념류",중식
고춧가루,고춧가루는 재료의 맛을 살려 간단히 즐기는 요리입니다.,#korean,#spicy,#everyday,3,"장류, 양념류",한식
쌈장,쌈장은 재료의 맛을 살려 간단히 즐기는 요리입니다.,#korean,#everyday,#classic,3,"장류, 양념류",한식
양념초장,양념초장은 재료의 맛을 살려 간단히 즐기는 요리입니다.,#korean,#spicy,#everyday,3,"장류, 양념류",한식
초간장,초간장은 재료의 맛을 살려 간단히 즐기는 요리입니다.,#korean,#everyday,#classic,3,"장류, 양념류",한식
팥빙수,팥빙수는 재료의 맛을 살려 간단히 즐기는 요리입니다.,#korean,#everyday,#classic,3,유제품류 및 빙과류,카페-디저트
딸기바나나,딸기바나나는 재료의 맛을 살려 간단히 즐기는 요리입니다.,#korean,#everyday,#classic,3,음료 및 차류,카페-디저트
수박화채,수박화채는 재료의 맛을 살려 간단히 즐기는 요리입니다.,#korean,#everyday,#classic,3,음료 및 차류,카페-디저트
새싹,새싹은 재료의 맛을 살려 간단히 즐기는 요리입니다.,#korean,#everyday,#classic,1,생채·무침류,한식
쑥갓무침,쑥갓무침은 재료의 맛을 살려 간단히 즐기는 요리입니다.,#korean,#salad,#everyday,1,생채·무침류,한식
양배추,양배추는 재료의 맛을 살려 간단히 즐기는 요리입니다.,#korean,#everyday,#classic,1,생채·무침류,한식
양배추부추무침,양배추부추무침은 재료의 맛을 살려 간단히 즐기는 요리입니다.,#korean,#salad,#veggie,1,생채·무침류,한식
양배추오이,양배추오이는 재료의 맛을 살려 간단히 즐기는 요리입니다.,#korean,#everyday,#classic,1,생채·무침류,한식
양상추,양상추는 재료의 맛을 살려 간단히 즐기는 요리입니다.,#korean,#everyday,#classic,1,생채·무침류,한식
오이고추,오이고추는 재료의 맛을 살려 간단히 즐기는 요리입니다.,#korean,#salad,#spicy,1,생채·무침류,한식
오징어미역초무침,오징어미역초무침은 재료의 맛을 살려 간단히 즐기는 요리입니다.,#korean,#salad,#seafood,1,생채·무침류,한식
옥수수샐러드,옥수수샐러드는 옥수수를 주재료로 드레싱과 함께 버무린 샐러드입니다.,#korean,#everyday,#classic,1,생채·무침류,한식
유채무침,유채무침은 재료의 맛을 살려 간단히 즐기는 요리입니다.,#korean,#salad,#everyday,1,생채·무침류,한식
쥐포무침,쥐포무침은 재료의 맛을 살려 간단히 즐기는 요리입니다.,#korean,#salad,#everyday,1,생채·무침류,한식
참나물,참나물은 재료의 맛을 살려 간단히 즐기는 요리입니다.,#korean,#salad,#veggie,1,생채·무침류,한식
참치,참치는 재료의 맛을 살려 간단히 즐기는 요리입니다.,#korean,#everyday,#classic,1,생채·무침류,한식
천사채무침,천사채무침은 재료의 맛을 살려 간단히 즐기는 요리입니다.,#korean,#salad,#everyday,1,생채·무침류,한식
겨자채,겨자채는 재료의 맛을 살려 간단히 즐기는 요리입니다.,#korean,#everyday,#classic,3,생채·무침류,한식
돌나물무침,돌나물무침은 재료의 맛을 살려 간단히 즐기는 요리입니다.,#korean,#salad,#veggie,1,생채·무침류,한식
마늘쫑장아찌무침,마늘쫑장아찌무침은 재료의 맛을 살려 간단히 즐기는 요리입니다.,#korean,#salad,#everyday,1,생채·무침류,한식
마카로니,마카로니는 재료의 맛을 살려 간단히 즐기는 요리입니다.,#korean,#everyday,#classic,1,생채·무침류,한식
멕시컨샐러드,멕시컨샐러드는 멕시컨을 주재료로 드레싱과 함께 버무린 샐러드입니다.,#korean,#everyday,#classic,1,생채·무침류,한식
문어무침,문어무침은 재료의 맛을 살려 간단히 즐기는 요리입니다.,#korean,#salad,#seafood,1,생채·무침류,한식
미나리,미나리는 재료의 맛을 살려 간단히 즐기는 요리입니다.,#korean,#salad,#everyday,1,생채·무침류,한식
미역,미역은 재료의 맛을 살려 간단히 즐기는 요리입니다.,#korean,#salad,#veggie,1,생채·무침류,한식
뱅어포무침,뱅어포무침은 재료의 맛을 살려 간단히 즐기는 요리입니다.,#korean,#salad,#everyday,1,생채·무침류,한식
부추,부추는 재료의 맛을 살려 간단히 즐기는 요리입니다.,#korean,#salad,#veggie,1,생채·무침류,한식
브로콜리,브로콜리는 재료의 맛을 살려 간단히 즐기는 요리입니다.,#korean,#salad,#veggie,1,생채·무침류,한식
브로콜리무침,브로콜리무침은 재료의 맛을 살려 간단히 즐기는 요리입니다.,#korean,#salad,#everyday,1,생채·무침류,한식
삼색냉채,삼색냉채는 재료의 맛을 살려 간단히 즐기는 요리입니다.,#korean,#everyday,#classic,3,생채·무침류,한식
베이글,베이글은 반죽을 숙성해 구워낸 담백한 빵입니다.,#korean,#everyday,#classic,3,빵 및 과자류,카페-디저트
베이글_피자,베이글_피자는 베이글_를 올려 구운 피자 요리입니다.,"#western,pizza",#everyday,#classic,3,빵 및 과자류,피자
오이지무침,오이지무침은 재료의 맛을 살려 간단히 즐기는 요리입니다.,#korean,#salad,#everyday,1,생채·무침류,한식
콘치즈_피자,콘치즈_피자는 콘치즈_를 올려 구운 피자 요리입니다.,"#western,pizza",#everyday,#classic,3,빵 및 과자류,피자
세지빵,세지빵은 반죽을 숙성해 구워낸 담백한 빵입니다.,#korean,#baked,#veggie,1,빵 및 과자류,카페-디저트
스콘,스콘은 버터와 설탕의 조화를 살린 달콤한 디저트입니다.,#korean,#everyday,#classic,3,빵 및 과자류,카페-디저트
오징어무침,오징어무침은 재료의 맛을 살려 간단히 즐기는 요리입니다.,#korean,#salad,#seafood,1,생채·무침류,한식
오징어채무침,오징어채무침은 재료의 맛을 살려 간단히 즐기는 요리입니다.,#korean,#salad,#seafood,1,생채·무침류,한식
청포묵,청포묵은 재료의 맛을 살려 간단히 즐기는 요리입니다.,#korean,#salad,#everyday,1,생채·무침류,한식
치커리,치커리는 재료의 맛을 살려 간단히 즐기는 요리입니다.,#indian,#everyday,#classic,1,생채·무침류,미분류
파래무침,파래무침은 재료의 맛을 살려 간단히 즐기는 요리입니다.,#korean,#salad,#everyday,1,생채·무침류,한식
풋고추된장무침,풋고추된장무침은 재료의 맛을 살려 간단히 즐기는 요리입니다.,#korean,#salad,#spicy,1,생채·무침류,한식
도토리묵무침,도토리묵무침은 재료의 맛을 살려 간단히 즐기는 요리입니다.,#korean,#salad,#everyday,1,생채·무침류,한식
마늘쫑무침,마늘쫑무침은 재료의 맛을 살려 간단히 즐기는 요리입니다.,#korean,#salad,#everyday,1,생채·무침류,한식
무생채,무생채는 재료의 맛을 살려 간단히 즐기는 요리입니다.,#korean,#everyday,#classic,3,생채·무침류,한식
미나리무침,미나리무침은 재료의 맛을 살려 간단히 즐기는 요리입니다.,#korean,#salad,#spicy,1,생채·무침류,한식
오이무침,오이무침은 재료의 맛을 살려 간단히 즐기는 요리입니다.,#korean,#salad,#everyday,1,생채·무침류,한식
비름나물,비름나물은 재료의 맛을 살려 간단히 즐기는 요리입니다.,#korean,#veggie,#everyday,2,나물·숙채류,한식
쑥갓나물,쑥갓나물은 재료의 맛을 살려 간단히 즐기는 요리입니다.,#korean,#veggie,#everyday,2,나물·숙채류,한식
애호박나물,애호박나물은 재료의 맛을 살려 간단히 즐기는 요리입니다.,#korean,#veggie,#everyday,2,나물·숙채류,한식
양배추나물,양배추나물은 재료의 맛을 살려 간단히 즐기는 요리입니다.,#korean,#veggie,#everyday,2,나물·숙채류,한식
오이나물,오이나물은 재료의 맛을 살려 간단히 즐기는 요리입니다.,#korean,#veggie,#everyday,2,나물·숙채류,한식
갑오징어무침,갑오징어무침은 재료의 맛을 살려 간단히 즐기는 요리입니다.,#korean,#salad,#seafood,1,생채·무침류,한식
과일샐러드,과일샐러드는 과일을 주재료로 드레싱과 함께 버무린 샐러드입니다.,#korean,#everyday,#classic,1,생채·무침류,한식
다시마무침,다시마무침은 재료의 맛을 살려 간단히 즐기는 요리입니다.,#korean,#salad,#everyday,1,생채·무침류,한식
콩나물무침,콩나물무침은 재료의 맛을 살려 간단히 즐기는 요리입니다.,#korean,#salad,#veggie,1,나물·숙채류,한식
톳나물,톳나물은 재료의 맛을 살려 간단히 즐기는 요리입니다.,#korean,#veggie,#everyday,2,나물·숙채류,한식
고사리나물,고사리나물은 재료의 맛을 살려 간단히 즐기는 요리입니다.,#korean,#veggie,#everyday,2,나물·숙채류,한식
고춧잎나물,고춧잎나물은 재료의 맛을 살려 간단히 즐기는 요리입니다.,#korean,#veggie,#everyday,2,나물·숙채류,한식
근,근은 재료의 맛을 살려 간단히 즐기는 요리입니다.,#korean,#veggie,#everyday,2,나물·숙채류,한식
도라지나물,도라지나물은 재료의 맛을 살려 간단히 즐기는 요리입니다.,#korean,#veggie,#everyday,2,나물·숙채류,한식
머위나물,머위나물은 재료의 맛을 살려 간단히 즐기는 요리입니다.,#korean,#veggie,#everyday,2,나물·숙채류,한식
모듬배추나물,모듬배추나물은 재료의 맛을 살려 간단히 즐기는 요리입니다.,#korean,#veggie,#everyday,2,나물·숙채류,한식
무나물,무나물은 재료의 맛을 살려 간단히 즐기는 요리입니다.,#korean,#veggie,#everyday,2,나물·숙채류,한식
부추나물,부추나물은 재료의 맛을 살려 간단히 즐기는 요리입니다.,#korean,#veggie,#everyday,2,나물·숙채류,한식
숙주나물,숙주나물은 재료의 맛을 살려 간단히 즐기는 요리입니다.,#korean,#veggie,#everyday,2,나물·숙채류,한식
숙주미나리나물,숙주미나리나물은 재료의 맛을 살려 간단히 즐기는 요리입니다.,#korean,#veggie,#everyday,2,나물·숙채류,한식
시금치나물,시금치나물은 재료의 맛을 살려 간단히 즐기는 요리입니다.,#korean,#veggie,#everyday,2,나물·숙채류,한식
시래기나물,시래기나물은 재료의 맛을 살려 간단히 즐기는 요리입니다.,#korean,#veggie,#everyday,2,나물·숙채류,한식
열무나물,열무나물은 재료의 맛을 살려 간단히 즐기는 요리입니다.,#korean,#veggie,#everyday,2,나물·숙채류,한식
유채나물,유채나물은 재료의 맛을 살려 간단히 즐기는 요리입니다.,#korean,#veggie,#everyday,2,나물·숙채류,한식
취나물,취나물은 재료의 맛을 살려 간단히 즐기는 요리입니다.,#korean,#veggie,#everyday,2,나물·숙채류,한식
어묵튀김,어묵튀김은 재료의 맛을 살려 간단히 즐기는 요리입니다.,#korean,#fried,#everyday,3,튀김류,한식
연근튀김,연근튀김은 재료의 맛을 살려 간단히 즐기는 요리입니다.,#korean,#fried,#everyday,3,튀김류,한식
연어튀김,연어튀김은 재료의 맛을 살려 간단히 즐기는 요리입니다.,#korean,#fried,#seafood,3,튀김류,한식
오징어탕수,오징어탕수는 재료의 맛을 살려 간단히 즐기는 요리입니다.,#korean,#soup,#seafood,3,튀김류,한식
임연수튀김,임연수튀김은 재료의 맛을 살려 간단히 즐기는 요리입니다.,#korean,#fried,#everyday,3,튀김류,한식
장어튀김,장어튀김은 재료의 맛을 살려 간단히 즐기는 요리입니다.,#korean,#fried,#everyday,3,튀김류,한식
참치강정,참치강정은 재료의 맛을 살려 간단히 즐기는 요리입니다.,#korean,#fried,#everyday,3,튀김류,한식
가지나물,가지나물은 재료의 맛을 살려 간단히 즐기는 요리입니다.,#korean,#veggie,#everyday,2,나물·숙채류,한식
배추나물,배추나물은 재료의 맛을 살려 간단히 즐기는 요리입니다.,#korean,#veggie,#everyday,2,나물·숙채류,한식
가자미튀김,가자미튀김은 재료의 맛을 살려 간단히 즐기는 요리입니다.,#korean,#fried,#everyday,3,튀김류,한식
깐풍기,깐풍기는 재료의 맛을 살려 간단히 즐기는 요리입니다.,#chinese,#everyday,#classic,3,튀김류,중식
깻잎튀김,깻잎튀김은 재료의 맛을 살려 간단히 즐기는 요리입니다.,#korean,#fried,#everyday,3,튀김류,한식
느타리버섯튀김,느타리버섯튀김은 재료의 맛을 살려 간단히 즐기는 요리입니다.,#korean,#fried,#veggie,3,튀김류,한식
닭강정,닭강정은 재료의 맛을 살려 간단히 즐기는 요리입니다.,"#korean,chicken",#fried,#chicken,3,튀김류,치킨
도라지튀김,도라지튀김은 재료의 맛을 살려 간단히 즐기는 요리입니다.,#korean,#fried,#everyday,3,튀김류,한식
돼지고기강정,돼지고기강정은 재료의 맛을 살려 간단히 즐기는 요리입니다.,#korean,#fried,#pork,3,튀김류,한식
두부,두부는 재료의 맛을 살려 간단히 즐기는 요리입니다.,#korean,#soup,#veggie,3,튀김류,한식
두부튀김,두부튀김은 재료의 맛을 살려 간단히 즐기는 요리입니다.,#korean,#fried,#veggie,3,튀김류,한식
등심돈가스,등심돈가스는 재료의 맛을 살려 간단히 즐기는 요리입니다.,#korean,#everyday,#classic,3,튀김류,돈까스-회
뱅어포튀김,뱅어포튀김은 재료의 맛을 살려 간단히 즐기는 요리입니다.,#korean,#fried,#everyday,3,튀김류,한식
새우,새우는 재료의 맛을 살려 간단히 즐기는 요리입니다.,#korean,#soup,#seafood,3,튀김류,한식
시지튀김,시지튀김은 재료의 맛을 살려 간단히 즐기는 요리입니다.,#western,#fried,#everyday,3,튀김류,분식
식빵튀김,식빵튀김은 재료의 맛을 살려 간단히 즐기는 요리입니다.,#korean,#fried,#everyday,3,튀김류,카페-디저트
새우조림,새우조림은 재료의 맛을 살려 간단히 즐기는 요리입니다.,#korean,#braised,#seafood,3,조림류,한식
완자조림,완자조림은 재료의 맛을 살려 간단히 즐기는 요리입니다.,#korean,#braised,#everyday,3,조림류,한식
임연수조림,임연수조림은 재료의 맛을 살려 간단히 즐기는 요리입니다.,#korean,#braised,#everyday,3,조림류,한식
다시마튀각,다시마튀각은 재료의 맛을 살려 간단히 즐기는 요리입니다.,#korean,#everyday,#classic,3,튀김류,한식
동태까스,동태까스는 재료의 맛을 살려 간단히 즐기는 요리입니다.,#korean,#seafood,#everyday,3,튀김류,한식
오징어조림,오징어조림은 재료의 맛을 살려 간단히 즐기는 요리입니다.,#korean,#braised,#seafood,3,조림류,한식
우엉조림,우엉조림은 재료의 맛을 살려 간단히 즐기는 요리입니다.,#korean,#braised,#everyday,3,조림류,한식
쥐포조림,쥐포조림은 재료의 맛을 살려 간단히 즐기는 요리입니다.,#korean,#braised,#everyday,3,조림류,한식
코다리조림,코다리조림은 재료의 맛을 살려 간단히 즐기는 요리입니다.,#korean,#braised,#everyday,3,조림류,한식
고구마조림,고구마조림은 재료의 맛을 살려 간단히 즐기는 요리입니다.,#korean,#braised,#veggie,3,조림류,한식
곤약조림,곤약조림은 재료의 맛을 살려 간단히 즐기는 요리입니다.,#korean,#braised,#everyday,3,조림류,한식
꽈리고추,꽈리고추는 재료의 맛을 살려 간단히 즐기는 요리입니다.,#korean,#braised,#seafood,3,조림류,한식
단호박조림,단호박조림은 재료의 맛을 살려 간단히 즐기는 요리입니다.,#korean,#braised,#everyday,3,조림류,한식
닭다리조림,닭다리조림은 재료의 맛을 살려 간단히 즐기는 요리입니다.,"#korean,chicken",#braised,#chicken,3,조림류,치킨
마늘쫑조림,마늘쫑조림은 재료의 맛을 살려 간단히 즐기는 요리입니다.,#korean,#braised,#everyday,3,조림류,한식
메추리알,메추리알은 재료의 맛을 살려 간단히 즐기는 요리입니다.,#korean,#braised,#pork,3,조림류,한식
메추리알장조림,메추리알장조림은 재료의 맛을 살려 간단히 즐기는 요리입니다.,#korean,#braised,#everyday,3,조림류,한식
삶은,삶은은 재료의 맛을 살려 간단히 즐기는 요리입니다.,#korean,#braised,#veggie,3,조림류,한식
감자조림,감자조림은 재료의 맛을 살려 간단히 즐기는 요리입니다.,#korean,#braised,#veggie,3,조림류,한식
꽁치조림,꽁치조림은 재료의 맛을 살려 간단히 즐기는 요리입니다.,#korean,#braised,#everyday,3,조림류,한식
달걀조림,달걀조림은 재료의 맛을 살려 간단히 즐기는 요리입니다.,#korean,#braised,#everyday,3,조림류,한식
닭도리탕,닭도리탕은 재료의 맛을 살려 간단히 즐기는 요리입니다.,#korean,#soup,#chicken,3,조림류,한식
닭조림,닭조림은 재료의 맛을 살려 간단히 즐기는 요리입니다.,#korean,#braised,#chicken,3,조림류,한식
두부조림,두부조림은 재료의 맛을 살려 간단히 즐기는 요리입니다.,#korean,#braised,#veggie,3,조림류,한식
땅콩조림,땅콩조림은 재료의 맛을 살려 간단히 즐기는 요리입니다.,#korean,#braised,#veggie,3,조림류,한식
멸치조림,멸치조림은 재료의 맛을 살려 간단히 즐기는 요리입니다.,#korean,#braised,#seafood,3,조림류,한식
무조림,무조림은 재료의 맛을 살려 간단히 즐기는 요리입니다.,#korean,#braised,#everyday,3,조림류,한식
삼치조림,삼치조림은 재료의 맛을 살려 간단히 즐기는 요리입니다.,#korean,#braised,#everyday,3,조림류,한식
어묵조림,어묵조림은 재료의 맛을 살려 간단히 즐기는 요리입니다.,#korean,#braised,#everyday,3,조림류,한식
모듬버섯볶음,모듬버섯볶음은 재료의 맛을 살려 간단히 즐기는 요리입니다.,#korean,#stirfry,#veggie,2,볶음류,한식
부추잡채,부추잡채는 당면에 채소와 고기를 간장 양념으로 볶아 버무린 요리입니다.,#korean,#veggie,#everyday,3,볶음류,한식
세발낙지볶음,세발낙지볶음은 낙지와 채소를 매콤하게 볶아 만든 요리입니다.,#korean,#stirfry,#seafood,2,볶음류,한식
고기채,고기채는 재료의 맛을 살려 간단히 즐기는 요리입니다.,#korean,#stirfry,#beef,2,볶음류,한식
시지,시지는 재료의 맛을 살려 간단히 즐기는 요리입니다.,#western,#stirfry,#everyday,2,볶음류,양식
양념두부,양념두부는 재료의 맛을 살려 간단히 즐기는 요리입니다.,#korean,#veggie,#spicy,3,볶음류,한식
양송이버섯볶음,양송이버섯볶음은 재료의 맛을 살려 간단히 즐기는 요리입니다.,#korean,#stirfry,#beef,2,볶음류,한식
어묵,어묵은 재료의 맛을 살려 간단히 즐기는 요리입니다.,#korean,#stirfry,#veggie,2,볶음류,한식
어묵잡채,어묵잡채는 당면에 채소와 고기를 간장 양념으로 볶아 버무린 요리입니다.,#korean,#streetfood,#everyday,3,볶음류,한식
우엉볶음,우엉볶음은 재료의 맛을 살려 간단히 즐기는 요리입니다.,#korean,#stirfry,#everyday,2,볶음류,한식
제육볶음,제육볶음은 돼지고기를 고추장 양념에 매콤하게 볶아 만든 요리입니다.,#korean,#stirfry,#pork,2,볶음류,한식
콩나물잡채,콩나물잡채는 당면에 채소와 고기를 간장 양념으로 볶아 버무린 요리입니다.,#korean,#veggie,#everyday,2,볶음류,한식
폭찹,폭찹은 재료의 맛을 살려 간단히 즐기는 요리입니다.,#korean,#everyday,#classic,3,볶음류,한식
피망볶음,피망볶음은 재료의 맛을 살려 간단히 즐기는 요리입니다.,#korean,#stirfry,#everyday,2,볶음류,한식
파래볶음,파래볶음은 재료의 맛을 살려 간단히 즐기는 요리입니다.,#korean,#stirfry,#everyday,2,볶음류,한식
표고버섯볶음,표고버섯볶음은 재료의 맛을 살려 간단히 즐기는 요리입니다.,#korean,#stirfry,#veggie,2,볶음류,한식
햄채,햄채는 재료의 맛을 살려 간단히 즐기는 요리입니다.,#korean,#stirfry,#veggie,2,볶음류,한식
매운,매운은 재료의 맛을 살려 간단히 즐기는 요리입니다.,#korean,#stirfry,#spicy,2,볶음류,한식
삼겹살볶음,삼겹살볶음은 재료의 맛을 살려 간단히 즐기는 요리입니다.,#korean,#stirfry,#pork,2,볶음류,한식
애호박,애호박은 재료의 맛을 살려 간단히 즐기는 요리입니다.,#korean,#stirfry,#everyday,2,볶음류,한식
어묵볶음,어묵볶음은 재료의 맛을 살려 간단히 즐기는 요리입니다.,#korean,#stirfry,#everyday,2,볶음류,한식
유산슬,유산슬은 재료의 맛을 살려 간단히 즐기는 요리입니다.,#korean,#everyday,#classic,3,볶음류,중식
마늘쫑볶음,마늘쫑볶음은 재료의 맛을 살려 간단히 즐기는 요리입니다.,#korean,#stirfry,#everyday,2,볶음류,한식
건새우볶음,건새우볶음은 재료의 맛을 살려 간단히 즐기는 요리입니다.,#korean,#stirfry,#seafood,2,볶음류,한식
고추장볶음,고추장볶음은 재료의 맛을 살려 간단히 즐기는 요리입니다.,#korean,#stirfry,#spicy,2,볶음류,한식
낙지볶음,낙지볶음은 낙지와 채소를 매콤하게 볶아 만든 요리입니다.,#korean,#stirfry,#seafood,2,볶음류,한식
애호박전,애호박전은 재료의 맛을 살려 간단히 즐기는 요리입니다.,#korean,#pancake,#everyday,3,전·적 및 부침류,한식
햄전,햄전은 재료의 맛을 살려 간단히 즐기는 요리입니다.,#korean,#pancake,#everyday,3,전·적 및 부침류,한식
애호박부침개,애호박부침개는 재료의 맛을 살려 간단히 즐기는 요리입니다.,#korean,#pancake,#everyday,3,전·적 및 부침류,한식
어묵전,어묵전은 재료의 맛을 살려 간단히 즐기는 요리입니다.,#korean,#pancake,#everyday,3,전·적 및 부침류,한식
연근전,연근전은 재료의 맛을 살려 간단히 즐기는 요리입니다.,#korean,#pancake,#everyday,3,전·적 및 부침류,한식
오믈렛,오믈렛은 재료의 맛을 살려 간단히 즐기는 요리입니다.,#western,#everyday,#classic,3,전·적 및 부침류,양식
옥수수부침,옥수수부침은 재료의 맛을 살려 간단히 즐기는 요리입니다.,#korean,#pancake,#everyday,3,전·적 및 부침류,한식
감자전,감자전은 재료의 맛을 살려 간단히 즐기는 요리입니다.,#korean,#pancake,#veggie,3,전·적 및 부침류,한식
김치전,김치전은 재료의 맛을 살려 간단히 즐기는 요리입니다.,#korean,#pancake,#spicy,3,전·적 및 부침류,한식
맛살전,맛살전은 재료의 맛을 살려 간단히 즐기는 요리입니다.,#korean,#pancake,#everyday,3,전·적 및 부침류,한식
부추전,부추전은 재료의 맛을 살려 간단히 즐기는 요리입니다.,#korean,#pancake,#veggie,3,전·적 및 부침류,한식
조기구이,조기구이는 재료의 맛을 살려 간단히 즐기는 요리입니다.,#korean,#grilled,#everyday,2,구이류,한식
치킨데리야끼,치킨데리야끼는 재료의 맛을 살려 간단히 즐기는 요리입니다.,"#korean,chicken",#chicken,#everyday,3,구이류,치킨
베이컨떡말이구이,베이컨떡말이구이는 재료의 맛을 살려 간단히 즐기는 요리입니다.,#western,#grilled,#everyday,2,구이류,양식
삼치,삼치는 재료의 맛을 살려 간단히 즐기는 요리입니다.,#korean,#grilled,#spicy,2,구이류,한식
새송이버섯,새송이버섯은 재료의 맛을 살려 간단히 즐기는 요리입니다.,#korean,#grilled,#veggie,2,구이류,한식
갈비,갈비는 재료의 맛을 살려 간단히 즐기는 요리입니다.,#korean,#grilled,#beef,2,구이류,한식
등심,등심은 재료의 맛을 살려 간단히 즐기는 요리입니다.,#western,#everyday,#classic,3,구이류,양식
등심구이,등심구이는 재료의 맛을 살려 간단히 즐기는 요리입니다.,#korean,#grilled,#everyday,2,구이류,한식
오징어불고기,오징어불고기는 얇게 썬 소고기를 간장 양념에 재워 달큼하게 볶아 만든 요리입니다.,#korean,#beef,#seafood,3,구이류,한식
햄구이,햄구이는 재료의 맛을 살려 간단히 즐기는 요리입니다.,#korean,#grilled,#everyday,2,구이류,한식
가지전,가지전은 재료의 맛을 살려 간단히 즐기는 요리입니다.,#korean,#pancake,#everyday,3,전·적 및 부침류,한식
닭구이,닭구이는 재료의 맛을 살려 간단히 즐기는 요리입니다.,#korean,#grilled,#chicken,2,구이류,한식
닭날개구이,닭날개구이는 재료의 맛을 살려 간단히 즐기는 요리입니다.,#korean,#grilled,#chicken,2,구이류,한식
런천미트구이,런천미트구이는 재료의 맛을 살려 간단히 즐기는 요리입니다.,#korean,#grilled,#everyday,2,구이류,한식
뱅어포구이,뱅어포구이는 재료의 맛을 살려 간단히 즐기는 요리입니다.,#korean,#grilled,#everyday,2,구이류,한식
삼치구이,삼치구이는 재료의 맛을 살려 간단히 즐기는 요리입니다.,#korean,#grilled,#everyday,2,구이류,한식
오리고기로스,오리고기로스는 재료의 맛을 살려 간단히 즐기는 요리입니다.,#korean,#everyday,#classic,3,구이류,한식
오리불고기,오리불고기는 얇게 썬 소고기를 간장 양념에 재워 달큼하게 볶아 만든 요리입니다.,#korean,#beef,#everyday,3,구이류,한식
애호박찜,애호박찜은 재료의 맛을 살려 간단히 즐기는 요리입니다.,#korean,#steamed,#everyday,3,찜류,한식
코다리찜,코다리찜은 재료의 맛을 살려 간단히 즐기는 요리입니다.,#korean,#steamed,#everyday,3,찜류,한식
가지찜,가지찜은 재료의 맛을 살려 간단히 즐기는 요리입니다.,#korean,#steamed,#everyday,3,찜류,한식
돼지사태찜,돼지사태찜은 재료의 맛을 살려 간단히 즐기는 요리입니다.,#korean,#steamed,#pork,3,찜류,한식
사태찜,사태찜은 재료의 맛을 살려 간단히 즐기는 요리입니다.,#korean,#steamed,#everyday,3,찜류,한식
연두부찜,연두부찜은 재료의 맛을 살려 간단히 즐기는 요리입니다.,#korean,#steamed,#veggie,3,찜류,한식
제육,제육은 재료의 맛을 살려 간단히 즐기는 요리입니다.,#korean,#pork,#everyday,3,찜류,한식
감자구이,감자구이는 재료의 맛을 살려 간단히 즐기는 요리입니다.,#korean,#grilled,#veggie,2,구이류,한식
고등어구이,고등어구이는 재료의 맛을 살려 간단히 즐기는 요리입니다.,#korean,#grilled,#seafood,2,구이류,한식
우럭,우럭은 재료의 맛을 살려 간단히 즐기는 요리입니다.,#korean,#soup,#spicy,3,찌개 및 전골류,한식
장어매운탕,장어매운탕은 재료의 맛을 살려 간단히 즐기는 요리입니다.,#korean,#soup,#spicy,3,찌개 및 전골류,한식
오리탕,오리탕은 재료의 맛을 살려 간단히 즐기는 요리입니다.,#korean,#soup,#everyday,3,찌개 및 전골류,한식
오징어찌개,오징어찌개는 재료의 맛을 살려 간단히 즐기는 요리입니다.,#korean,#soup,#seafood,3,찌개 및 전골류,한식
콩비지찌개,콩비지찌개는 재료의 맛을 살려 간단히 즐기는 요리입니다.,#korean,#soup,#veggie,3,찌개 및 전골류,한식
감자,감자는 재료의 맛을 살려 간단히 즐기는 요리입니다.,#korean,#soup,#beef,3,찌개 및 전골류,한식
김치순두부,김치순두부는 재료의 맛을 살려 간단히 즐기는 요리입니다.,#korean,#fermented,#veggie,4,찌개 및 전골류,한식
구,구는 재료의 맛을 살려 간단히 즐기는 요리입니다.,#korean,#soup,#spicy,3,찌개 및 전골류,한식
구지리,구지리는 재료의 맛을 살려 간단히 즐기는 요리입니다.,#korean,#everyday,#classic,3,찌개 및 전골류,한식
명란찌개,명란찌개는 재료의 맛을 살려 간단히 즐기는 요리입니다.,#korean,#soup,#everyday,3,찌개 및 전골류,한식
아귀,아귀는 재료의 맛을 살려 간단히 즐기는 요리입니다.,#korean,#soup,#spicy,3,찌개 및 전골류,한식
애호박찌개,애호박찌개는 재료의 맛을 살려 간단히 즐기는 요리입니다.,#korean,#soup,#veggie,3,찌개 및 전골류,한식
알탕,알탕은 재료의 맛을 살려 간단히 즐기는 요리입니다.,#korean,#soup,#everyday,3,찌개 및 전골류,한식
호박,호박은 재료의 맛을 살려 간단히 즐기는 요리입니다.,#korean,#soup,#everyday,3,국 및 탕류,한식
호박잎,호박잎은 재료의 맛을 살려 간단히 즐기는 요리입니다.,#korean,#soup,#everyday,3,국 및 탕류,한식
홍합,홍합은 재료의 맛을 살려 간단히 즐기는 요리입니다.,#korean,#soup,#seafood,3,국 및 탕류,한식
홍합국,홍합국은 재료의 맛을 살려 간단히 즐기는 요리입니다.,#korean,#soup,#seafood,3,국 및 탕류,한식
감자탕,감자탕은 돼지등뼈와 우거지를 푹 끓여 얼큰하고 묵직한 맛을 내는 탕 요리입니다.,#korean,#soup,#veggie,3,찌개 및 전골류,한식
동태찌개,동태찌개는 재료의 맛을 살려 간단히 즐기는 요리입니다.,#korean,#soup,#seafood,3,찌개 및 전골류,한식
시금치,시금치는 재료의 맛을 살려 간단히 즐기는 요리입니다.,#korean,#soup,#veggie,3,국 및 탕류,한식
시래기,시래기는 재료의 맛을 살려 간단히 즐기는 요리입니다.,#korean,#soup,#everyday,3,국 및 탕류,한식
쑥,쑥은 재료의 맛을 살려 간단히 즐기는 요리입니다.,#korean,#soup,#everyday,3,국 및 탕류,한식
아욱,아욱은 재료의 맛을 살려 간단히 즐기는 요리입니다.,#korean,#soup,#everyday,3,국 및 탕류,한식
어묵탕,어묵탕은 재료의 맛을 살려 간단히 즐기는 요리입니다.,#korean,#soup,#everyday,3,국 및 탕류,한식
얼갈이,얼갈이는 재료의 맛을 살려 간단히 즐기는 요리입니다.,#korean,#soup,#everyday,3,국 및 탕류,한식
조개,조개는 재료의 맛을 살려 간단히 즐기는 요리입니다.,#korean,#soup,#seafood,3,국 및 탕류,한식
청포묵국,청포묵국은 재료의 맛을 살려 간단히 즐기는 요리입니다.,#korean,#soup,#everyday,3,국 및 탕류,한식
다슬기,다슬기는 재료의 맛을 살려 간단히 즐기는 요리입니다.,#korean,#soup,#everyday,3,국 및 탕류,한식
달래,달래는 재료의 맛을 살려 간단히 즐기는 요리입니다.,#korean,#soup,#everyday,3,국 및 탕류,한식
합,합은 재료의 맛을 살려 간단히 즐기는 요리입니다.,#korean,#soup,#veggie,3,국 및 탕류,한식
두부국,두부국은 재료의 맛을 살려 간단히 즐기는 요리입니다.,#korean,#soup,#veggie,3,국 및 탕류,한식
메밀묵국,메밀묵국은 재료의 맛을 살려 간단히 즐기는 요리입니다.,#korean,#soup,#everyday,3,국 및 탕류,한식
무,무는 재료의 맛을 살려 간단히 즐기는 요리입니다.,#korean,#soup,#everyday,3,국 및 탕류,한식
바지락,바지락은 재료의 맛을 살려 간단히 즐기는 요리입니다.,#korean,#soup,#seafood,3,국 및 탕류,한식
바지락국,바지락국은 재료의 맛을 살려 간단히 즐기는 요리입니다.,#korean,#soup,#seafood,3,국 및 탕류,한식
새우젓국,새우젓국은 재료의 맛을 살려 간단히 즐기는 요리입니다.,#korean,#soup,#seafood,3,국 및 탕류,한식
선짓국,선짓국은 재료의 맛을 살려 간단히 즐기는 요리입니다.,#korean,#soup,#everyday,3,국 및 탕류,한식
육개장,육개장은 고기와 대파를 고추기름에 볶아 칼칼하게 끓인 국물 요리입니다.,#korean,#chicken,#everyday,3,국 및 탕류,한식
콩나물국,콩나물국은 콩나물을 넣어 시원하게 끓인 맑은 국물 요리입니다.,#korean,#soup,#veggie,2,국 및 탕류,한식
토란국,토란국은 재료의 맛을 살려 간단히 즐기는 요리입니다.,#korean,#soup,#everyday,3,국 및 탕류,한식
건새우,건새우는 재료의 맛을 살려 간단히 즐기는 요리입니다.,#korean,#soup,#seafood,3,국 및 탕류,한식
김국,김국은 재료의 맛을 살려 간단히 즐기는 요리입니다.,#korean,#soup,#everyday,3,국 및 탕류,한식
동태국,동태국은 재료의 맛을 살려 간단히 즐기는 요리입니다.,#korean,#soup,#seafood,3,국 및 탕류,한식
냉이,냉이는 재료의 맛을 살려 간단히 즐기는 요리입니다.,#korean,#soup,#everyday,3,국 및 탕류,한식
배추국,배추국은 재료의 맛을 살려 간단히 즐기는 요리입니다.,#korean,#soup,#everyday,3,국 및 탕류,한식
북어국,북어국은 재료의 맛을 살려 간단히 즐기는 요리입니다.,#korean,#soup,#everyday,3,국 및 탕류,한식
사골국,사골국은 재료의 맛을 살려 간단히 즐기는 요리입니다.,#korean,#soup,#everyday,3,국 및 탕류,한식
삼계탕,삼계탕은 재료의 맛을 살려 간단히 즐기는 요리입니다.,#korean,#soup,#chicken,3,국 및 탕류,한식
설렁탕,설렁탕은 사골을 오래 끓여 낸 국물에 고기와 밥을 말아 먹는 따끈한 탕 요리입니다.,#korean,#soup,#everyday,3,국 및 탕류,한식
고기육개장,고기육개장은 고기와 대파를 고추기름에 볶아 칼칼하게 끓인 국물 요리입니다.,#korean,#beef,#everyday,3,국 및 탕류,한식
오징어국,오징어국은 재료의 맛을 살려 간단히 즐기는 요리입니다.,#korean,#soup,#seafood,3,국 및 탕류,한식
들깨국,들깨국은 재료의 맛을 살려 간단히 즐기는 요리입니다.,#korean,#soup,#everyday,3,국 및 탕류,한식
김부각,김부각은 재료의 맛을 살려 간단히 즐기는 요리입니다.,#korean,#everyday,#classic,3,튀김류,한식
애호박죽,애호박죽은 애호박을 넣어 부드럽게 끓인 죽 요리입니다.,#korean,#porridge,#everyday,3,죽 및 스프류,한식
잡곡죽,잡곡죽은 잡곡을 넣어 부드럽게 끓인 죽 요리입니다.,#korean,#porridge,#everyday,3,죽 및 스프류,한식
찹쌀죽,찹쌀죽은 찹쌀을 넣어 부드럽게 끓인 죽 요리입니다.,#korean,#porridge,#everyday,3,죽 및 스프류,한식
흰죽,흰죽은 흰을 넣어 부드럽게 끓인 죽 요리입니다.,#korean,#porridge,#everyday,3,죽 및 스프류,한식
갈비탕,갈비탕은 소갈비를 오래 고아 맑고 깊은 국물을 낸 탕 요리입니다.,#korean,#soup,#beef,3,국 및 탕류,한식
닭고기육개장,닭고기육개장은 고기와 대파를 고추기름에 볶아 칼칼하게 끓인 국물 요리입니다.,#korean,#chicken,#everyday,3,국 및 탕류,한식
닭곰탕,닭곰탕은 재료의 맛을 살려 간단히 즐기는 요리입니다.,#korean,#soup,#chicken,3,국 및 탕류,한식
장국국수,장국국수는 재료의 맛을 살려 간단히 즐기는 요리입니다.,#korean,#soup,#everyday,3,면 및 만두류,한식
쟁반국수,쟁반국수는 재료의 맛을 살려 간단히 즐기는 요리입니다.,#korean,#soup,#everyday,3,면 및 만두류,한식
짜장면,짜장면은 춘장을 볶아 만든 검은 소스를 면에 비벼 먹는 중식 면 요리입니다.,#chinese,#noodle,#everyday,3,면 및 만두류,중식
닭죽,닭죽은 닭을 넣어 부드럽게 끓인 죽 요리입니다.,#korean,#porridge,#chicken,3,죽 및 스프류,한식
전복죽,전복죽은 전복을 넣어 부드럽게 끓인 죽 요리입니다.,#korean,#pancake,#seafood,3,죽 및 스프류,한식
팥죽,팥죽은 팥을 넣어 부드럽게 끓인 죽 요리입니다.,#korean,#porridge,#everyday,3,죽 및 스프류,한식
호박죽,호박죽은 호박을 넣어 부드럽게 끓인 죽 요리입니다.,#korean,#porridge,#everyday,3,죽 및 스프류,한식
감자스프,감자스프는 재료의 맛을 살려 간단히 즐기는 요리입니다.,#korean,#veggie,#everyday,3,죽 및 스프류,한식
들깨죽,들깨죽은 들깨를 넣어 부드럽게 끓인 죽 요리입니다.,#korean,#porridge,#everyday,3,죽 및 스프류,한식
땅콩죽,땅콩죽은 땅콩을 넣어 부드럽게 끓인 죽 요리입니다.,#korean,#porridge,#veggie,3,죽 및 스프류,한식
잔치국수,잔치국수는 재료의 맛을 살려 간단히 즐기는 요리입니다.,#korean,#soup,#everyday,3,면 및 만두류,한식
쫄면,쫄면은 재료의 맛을 살려 간단히 즐기는 요리입니다.,#korean,#noodle,#everyday,3,면 및 만두류,한식
고기만두,고기만두는 재료의 맛을 살려 간단히 즐기는 요리입니다.,#korean,#everyday,#classic,4,면 및 만두류,한식
군만두,군만두는 재료의 맛을 살려 간단히 즐기는 요리입니다.,#korean,#everyday,#classic,4,면 및 만두류,한식
김치만두,김치만두는 재료의 맛을 살려 간단히 즐기는 요리입니다.,#korean,#fermented,#spicy,4,면 및 만두류,한식
미트,미트는 재료의 맛을 살려 간단히 즐기는 요리입니다.,#western,#noodle,#everyday,3,면 및 만두류,카페-디저트
볶음,볶음은 재료의 맛을 살려 간단히 즐기는 요리입니다.,#japanese,#stirfry,#everyday,2,면 및 만두류,돈까스-회
밤밥,밤밥은 재료의 맛을 살려 간단히 즐기는 요리입니다.,#korean,#rice,#everyday,3,밥류,한식
고등어튀김,고등어튀김은 재료의 맛을 살려 간단히 즐기는 요리입니다.,#korean,#fried,#seafood,3,튀김류,한식
찰밥,찰밥은 재료의 맛을 살려 간단히 즐기는 요리입니다.,#korean,#rice,#everyday,3,밥류,한식
고구마밥,고구마밥은 재료의 맛을 살려 간단히 즐기는 요리입니다.,#korean,#rice,#veggie,3,밥류,한식
떡산적,떡산적은 재료의 맛을 살려 간단히 즐기는 요리입니다.,#korean,#ricecake,#beef,4,전·적 및 부침류,한식
녹두전,녹두전은 재료의 맛을 살려 간단히 즐기는 요리입니다.,#korean,#pancake,#everyday,3,전·적 및 부침류,한식
카페라떼_아이스,카페라떼_아이스는 재료의 맛을 살려 간단히 즐기는 요리입니다.,#korean,#sweet,#everyday,3,음료 및 차류,카페-디저트
카페모카_아이스,카페모카_아이스는 재료의 맛을 살려 간단히 즐기는 요리입니다.,#korean,#everyday,#classic,3,음료 및 차류,카페-디저트
율무차,율무차는 얼음과 함께 상큼하게 즐기는 음료입니다.,#korean,#everyday,#classic,3,음료 및 차류,카페-디저트
카페라떼,카페라떼는 얼음과 함께 상큼하게 즐기는 음료입니다.,#korean,#everyday,#classic,3,음료 및 차류,카페-디저트
카페모카,카페모카는 재료의 맛을 살려 간단히 즐기는 요리입니다.,#korean,#everyday,#classic,3,음료 및 차류,카페-디저트
감자범벅,감자범벅은 재료의 맛을 살려 간단히 즐기는 요리입니다.,#korean,#veggie,#everyday,3,,한식
파강회,파강회는 재료의 맛을 살려 간단히 즐기는 요리입니다.,#korean,#raw,#everyday,3,"채소, 해조류",한식
육회,육회는 재료의 맛을 살려 간단히 즐기는 요리입니다.,#korean,#raw,#beef,3,수·조·어·육류,한식
모듬회,모듬회는 재료의 맛을 살려 간단히 즐기는 요리입니다.,#korean,#raw,#everyday,3,수·조·어·육류,한식
오이장아찌,오이장아찌는 재료의 맛을 살려 간단히 즐기는 요리입니다.,#korean,#pickled,#everyday,4,장아찌·절임류,한식
무말랭이장아찌,무말랭이장아찌는 재료의 맛을 살려 간단히 즐기는 요리입니다.,#korean,#pickled,#everyday,4,장아찌·절임류,한식
무숙장아찌,무숙장아찌는 재료의 맛을 살려 간단히 즐기는 요리입니다.,#korean,#pickled,#everyday,4,장아찌·절임류,한식
기름장,기름장은 재료의 맛을 살려 간단히 즐기는 요리입니다.,#korean,#everyday,#classic,3,"장류, 양념류",한식
두유,두유는 재료의 맛을 살려 간단히 즐기는 요리입니다.,#korean,#everyday,#classic,3,음료 및 차류,카페-디저트
딸기넥타,딸기넥타는 재료의 맛을 살려 간단히 즐기는 요리입니다.,#korean,#everyday,#classic,3,음료 및 차류,카페-디저트
치커리무침,치커리무침은 재료의 맛을 살려 간단히 즐기는 요리입니다.,#indian,#salad,#everyday,1,생채·무침류,미분류
가지김치,가지김치는 재료의 맛을 살려 간단히 즐기는 요리입니다.,#korean,#fermented,#spicy,4,김치류,한식
섞박지,섞박지는 재료의 맛을 살려 간단히 즐기는 요리입니다.,#korean,#everyday,#classic,3,김치류,한식
양념채김치,양념채김치는 재료의 맛을 살려 간단히 즐기는 요리입니다.,#korean,#fermented,#spicy,4,김치류,한식
양념,양념은 재료의 맛을 살려 간단히 즐기는 요리입니다.,#korean,#seafood,#spicy,3,젓갈류,한식
더덕장아찌,더덕장아찌는 재료의 맛을 살려 간단히 즐기는 요리입니다.,#korean,#pickled,#everyday,4,장아찌·절임류,한식
쑥갓오이무침,쑥갓오이무침은 재료의 맛을 살려 간단히 즐기는 요리입니다.,#korean,#salad,#everyday,1,생채·무침류,한식
오이부추무침,오이부추무침은 재료의 맛을 살려 간단히 즐기는 요리입니다.,#korean,#salad,#veggie,1,생채·무침류,한식
짜사이무침,짜사이무침은 재료의 맛을 살려 간단히 즐기는 요리입니다.,#korean,#salad,#everyday,1,생채·무침류,한식
두부냉채,두부냉채는 재료의 맛을 살려 간단히 즐기는 요리입니다.,#korean,#veggie,#everyday,3,생채·무침류,한식
메밀묵,메밀묵은 재료의 맛을 살려 간단히 즐기는 요리입니다.,#korean,#salad,#everyday,1,생채·무침류,한식
새우무침,새우무침은 재료의 맛을 살려 간단히 즐기는 요리입니다.,#korean,#salad,#seafood,1,생채·무침류,한식
라무침,라무침은 재료의 맛을 살려 간단히 즐기는 요리입니다.,#korean,#salad,#everyday,1,생채·무침류,한식
풋마늘무침,풋마늘무침은 재료의 맛을 살려 간단히 즐기는 요리입니다.,#korean,#salad,#everyday,1,생채·무침류,한식
피조개무침,피조개무침은 재료의 맛을 살려 간단히 즐기는 요리입니다.,#korean,#salad,#seafood,1,생채·무침류,한식
가오리회무침,가오리회무침은 재료의 맛을 살려 간단히 즐기는 요리입니다.,#korean,#salad,#everyday,1,생채·무침류,한식
단호박,단호박은 재료의 맛을 살려 간단히 즐기는 요리입니다.,#korean,#everyday,#classic,1,생채·무침류,한식
닭가슴살,닭가슴살은 재료의 맛을 살려 간단히 즐기는 요리입니다.,#korean,#chicken,#everyday,1,생채·무침류,한식
닭고기냉채,닭고기냉채는 재료의 맛을 살려 간단히 즐기는 요리입니다.,#korean,#chicken,#everyday,3,생채·무침류,한식
북어채무침,북어채무침은 재료의 맛을 살려 간단히 즐기는 요리입니다.,#korean,#salad,#everyday,1,생채·무침류,한식
양장피,양장피는 재료의 맛을 살려 간단히 즐기는 요리입니다.,#korean,#everyday,#classic,3,생채·무침류,중식
돌나물,돌나물은 재료의 맛을 살려 간단히 즐기는 요리입니다.,#korean,#veggie,#everyday,2,생채·무침류,한식
두릅무침,두릅무침은 재료의 맛을 살려 간단히 즐기는 요리입니다.,#korean,#salad,#everyday,1,생채·무침류,한식
마늘장아찌무침,마늘장아찌무침은 재료의 맛을 살려 간단히 즐기는 요리입니다.,#korean,#salad,#everyday,1,생채·무침류,한식
씀바귀나물,씀바귀나물은 재료의 맛을 살려 간단히 즐기는 요리입니다.,#korean,#veggie,#everyday,2,나물·숙채류,한식
토란,토란은 재료의 맛을 살려 간단히 즐기는 요리입니다.,#korean,#veggie,#everyday,2,나물·숙채류,한식
간재미회무침,간재미회무침은 재료의 맛을 살려 간단히 즐기는 요리입니다.,#korean,#salad,#everyday,1,생채·무침류,한식
개고기무침,개고기무침은 재료의 맛을 살려 간단히 즐기는 요리입니다.,#korean,#salad,#everyday,1,생채·무침류,한식
곤약무침,곤약무침은 재료의 맛을 살려 간단히 즐기는 요리입니다.,#korean,#salad,#everyday,1,생채·무침류,한식
굴무침,굴무침은 재료의 맛을 살려 간단히 즐기는 요리입니다.,#korean,#salad,#seafood,1,생채·무침류,한식
낙지무침,낙지무침은 재료의 맛을 살려 간단히 즐기는 요리입니다.,#korean,#salad,#seafood,1,생채·무침류,한식
냉이초나물,냉이초나물은 재료의 맛을 살려 간단히 즐기는 요리입니다.,#korean,#veggie,#everyday,2,나물·숙채류,한식
무청나물,무청나물은 재료의 맛을 살려 간단히 즐기는 요리입니다.,#korean,#veggie,#everyday,2,나물·숙채류,한식
민들레무침,민들레무침은 재료의 맛을 살려 간단히 즐기는 요리입니다.,#korean,#salad,#everyday,1,나물·숙채류,한식
방풍나물,방풍나물은 재료의 맛을 살려 간단히 즐기는 요리입니다.,#korean,#veggie,#spicy,2,나물·숙채류,한식
청경채나물,청경채나물은 재료의 맛을 살려 간단히 즐기는 요리입니다.,#korean,#veggie,#everyday,2,나물·숙채류,한식
잔멸치,잔멸치는 재료의 맛을 살려 간단히 즐기는 요리입니다.,#korean,#fried,#seafood,3,튀김류,한식
조기튀김,조기튀김은 재료의 맛을 살려 간단히 즐기는 요리입니다.,#korean,#fried,#everyday,3,튀김류,한식
탕수어,탕수어는 재료의 맛을 살려 간단히 즐기는 요리입니다.,#korean,#soup,#everyday,3,튀김류,한식
냉이나물,냉이나물은 재료의 맛을 살려 간단히 즐기는 요리입니다.,#korean,#veggie,#everyday,2,나물·숙채류,한식
돼지갈비강정,돼지갈비강정은 재료의 맛을 살려 간단히 즐기는 요리입니다.,#korean,#fried,#pork,3,튀김류,한식
돼지고기튀김,돼지고기튀김은 재료의 맛을 살려 간단히 즐기는 요리입니다.,#korean,#fried,#pork,3,튀김류,한식
비프까스,비프까스는 재료의 맛을 살려 간단히 즐기는 요리입니다.,#korean,#everyday,#classic,3,튀김류,한식
고기튀김,고기튀김은 재료의 맛을 살려 간단히 즐기는 요리입니다.,#korean,#fried,#beef,3,튀김류,한식
쑥튀김,쑥튀김은 재료의 맛을 살려 간단히 즐기는 요리입니다.,#korean,#fried,#everyday,3,튀김류,한식
우럭튀김,우럭튀김은 재료의 맛을 살려 간단히 즐기는 요리입니다.,#korean,#fried,#everyday,3,튀김류,한식
가지탕수,가지탕수는 재료의 맛을 살려 간단히 즐기는 요리입니다.,#korean,#soup,#everyday,3,튀김류,한식
갈치튀김,갈치튀김은 재료의 맛을 살려 간단히 즐기는 요리입니다.,#korean,#fried,#seafood,3,튀김류,한식
게맛살튀김,게맛살튀김은 재료의 맛을 살려 간단히 즐기는 요리입니다.,#korean,#fried,#everyday,3,튀김류,한식
달걀튀김,달걀튀김은 재료의 맛을 살려 간단히 즐기는 요리입니다.,#korean,#fried,#everyday,3,튀김류,한식
구튀김,구튀김은 재료의 맛을 살려 간단히 즐기는 요리입니다.,#korean,#fried,#everyday,3,튀김류,한식
도미튀김,도미튀김은 재료의 맛을 살려 간단히 즐기는 요리입니다.,#korean,#fried,#everyday,3,튀김류,한식
동태튀김,동태튀김은 재료의 맛을 살려 간단히 즐기는 요리입니다.,#korean,#fried,#seafood,3,튀김류,한식
홍어회무침,홍어회무침은 재료의 맛을 살려 간단히 즐기는 요리입니다.,#korean,#salad,#everyday,1,생채·무침류,한식
적어조림,적어조림은 재료의 맛을 살려 간단히 즐기는 요리입니다.,#korean,#braised,#everyday,3,조림류,한식
전어조림,전어조림은 재료의 맛을 살려 간단히 즐기는 요리입니다.,#korean,#braised,#everyday,3,조림류,한식
깐쇼새우,깐쇼새우는 새우를 바삭하게 튀겨 케첩 베이스의 달콤새콤한 소스로 버무린 중식 요리입니다.,#korean,#seafood,#everyday,3,튀김류,한식
건꼴뚜기조림,건꼴뚜기조림은 재료의 맛을 살려 간단히 즐기는 요리입니다.,#korean,#braised,#spicy,3,조림류,한식
게조림,게조림은 재료의 맛을 살려 간단히 즐기는 요리입니다.,#korean,#braised,#everyday,3,조림류,한식
꽈리고추조림,꽈리고추조림은 재료의 맛을 살려 간단히 즐기는 요리입니다.,#korean,#braised,#seafood,3,조림류,한식
다시마조림,다시마조림은 재료의 맛을 살려 간단히 즐기는 요리입니다.,#korean,#braised,#everyday,3,조림류,한식
도루묵조림,도루묵조림은 재료의 맛을 살려 간단히 즐기는 요리입니다.,#korean,#braised,#everyday,3,조림류,한식
버섯조림,버섯조림은 재료의 맛을 살려 간단히 즐기는 요리입니다.,#korean,#braised,#veggie,3,조림류,한식
양미리조림,양미리조림은 재료의 맛을 살려 간단히 즐기는 요리입니다.,#korean,#braised,#everyday,3,조림류,한식
건갈치조림,건갈치조림은 재료의 맛을 살려 간단히 즐기는 요리입니다.,#korean,#braised,#seafood,3,조림류,한식
호박고지볶음,호박고지볶음은 재료의 맛을 살려 간단히 즐기는 요리입니다.,#korean,#stirfry,#everyday,2,볶음류,한식
갈치조림,갈치조림은 재료의 맛을 살려 간단히 즐기는 요리입니다.,#korean,#braised,#seafood,3,조림류,한식
두부볶음,두부볶음은 재료의 맛을 살려 간단히 즐기는 요리입니다.,#korean,#stirfry,#pork,2,볶음류,한식
베이컨채,베이컨채는 재료의 맛을 살려 간단히 즐기는 요리입니다.,#western,#stirfry,#veggie,2,볶음류,양식
간,간은 재료의 맛을 살려 간단히 즐기는 요리입니다.,#korean,#stirfry,#veggie,2,볶음류,한식
곱창,곱창은 재료의 맛을 살려 간단히 즐기는 요리입니다.,#korean,#stirfry,#everyday,2,볶음류,한식
죽순볶음,죽순볶음은 재료의 맛을 살려 간단히 즐기는 요리입니다.,#korean,#stirfry,#everyday,2,볶음류,한식
식잡채,식잡채는 당면에 채소와 고기를 간장 양념으로 볶아 버무린 요리입니다.,#korean,#everyday,#classic,3,볶음류,한식
쫄볶이,쫄볶이는 재료의 맛을 살려 간단히 즐기는 요리입니다.,#korean,#stirfry,#everyday,3,볶음류,한식
팔보채,팔보채는 재료의 맛을 살려 간단히 즐기는 요리입니다.,#korean,#everyday,#classic,3,볶음류,중식
호박볶음,호박볶음은 재료의 맛을 살려 간단히 즐기는 요리입니다.,#korean,#stirfry,#everyday,2,볶음류,한식
꽈리고추볶음,꽈리고추볶음은 재료의 맛을 살려 간단히 즐기는 요리입니다.,#korean,#stirfry,#spicy,2,볶음류,한식
양파볶음,양파볶음은 재료의 맛을 살려 간단히 즐기는 요리입니다.,#korean,#stirfry,#everyday,2,볶음류,한식
오리볶음,오리볶음은 재료의 맛을 살려 간단히 즐기는 요리입니다.,#korean,#stirfry,#everyday,2,볶음류,한식
문어볶음,문어볶음은 재료의 맛을 살려 간단히 즐기는 요리입니다.,#korean,#stirfry,#seafood,2,볶음류,한식
새송이버섯볶음,새송이버섯볶음은 재료의 맛을 살려 간단히 즐기는 요리입니다.,#korean,#stirfry,#veggie,2,볶음류,한식
라볶이,라볶이는 떡볶이에 라면 사리를 더해 볶아 만든 분식 요리입니다.,#korean,#stirfry,#everyday,3,볶음류,한식
모듬채,모듬채는 재료의 맛을 살려 간단히 즐기는 요리입니다.,#korean,#pancake,#veggie,3,전·적 및 부침류,한식
양파,양파는 재료의 맛을 살려 간단히 즐기는 요리입니다.,#korean,#pancake,#beef,3,전·적 및 부침류,한식
가지볶음,가지볶음은 재료의 맛을 살려 간단히 즐기는 요리입니다.,#korean,#stirfry,#everyday,2,볶음류,한식
새송이버섯전,새송이버섯전은 재료의 맛을 살려 간단히 즐기는 요리입니다.,#korean,#pancake,#veggie,3,전·적 및 부침류,한식
어육,어육은 재료의 맛을 살려 간단히 즐기는 요리입니다.,#western,#pancake,#everyday,3,전·적 및 부침류,양식
장떡,장떡은 재료의 맛을 살려 간단히 즐기는 요리입니다.,#korean,#ricecake,#everyday,4,전·적 및 부침류,한식
파래전,파래전은 재료의 맛을 살려 간단히 즐기는 요리입니다.,#korean,#pancake,#everyday,3,전·적 및 부침류,한식
달걀부침,달걀부침은 재료의 맛을 살려 간단히 즐기는 요리입니다.,#korean,#pancake,#everyday,3,전·적 및 부침류,한식
안심스테이크,안심스테이크는 재료의 맛을 살려 간단히 즐기는 요리입니다.,#western,#everyday,#classic,3,구이류,양식
쑥전,쑥전은 재료의 맛을 살려 간단히 즐기는 요리입니다.,#korean,#pancake,#everyday,3,구이류,한식
양태구이,양태구이는 재료의 맛을 살려 간단히 즐기는 요리입니다.,#korean,#grilled,#everyday,2,구이류,한식
우럭구이,우럭구이는 재료의 맛을 살려 간단히 즐기는 요리입니다.,#korean,#grilled,#everyday,2,구이류,한식
우엉,우엉은 재료의 맛을 살려 간단히 즐기는 요리입니다.,#korean,#grilled,#spicy,2,구이류,한식
은,은은 재료의 맛을 살려 간단히 즐기는 요리입니다.,#korean,#grilled,#everyday,2,구이류,한식
적어구이,적어구이는 재료의 맛을 살려 간단히 즐기는 요리입니다.,#korean,#grilled,#everyday,2,구이류,한식
전갱이구이,전갱이구이는 재료의 맛을 살려 간단히 즐기는 요리입니다.,#korean,#grilled,#everyday,2,구이류,한식
조기,조기는 재료의 맛을 살려 간단히 즐기는 요리입니다.,#korean,#grilled,#spicy,2,구이류,한식
조미,조미는 재료의 맛을 살려 간단히 즐기는 요리입니다.,#korean,#grilled,#everyday,2,구이류,한식
청어구이,청어구이는 재료의 맛을 살려 간단히 즐기는 요리입니다.,#korean,#grilled,#everyday,2,구이류,한식
칠면조구이,칠면조구이는 재료의 맛을 살려 간단히 즐기는 요리입니다.,#korean,#grilled,#everyday,2,구이류,한식
키조개구이,키조개구이는 재료의 맛을 살려 간단히 즐기는 요리입니다.,#korean,#grilled,#seafood,2,구이류,한식
넙치구이,넙치구이는 재료의 맛을 살려 간단히 즐기는 요리입니다.,#korean,#grilled,#everyday,2,구이류,한식
느타리버섯,느타리버섯은 재료의 맛을 살려 간단히 즐기는 요리입니다.,#korean,#grilled,#veggie,2,구이류,한식
닭꼬치구이,닭꼬치구이는 재료의 맛을 살려 간단히 즐기는 요리입니다.,#korean,#grilled,#chicken,2,구이류,한식
도다리구이,도다리구이는 재료의 맛을 살려 간단히 즐기는 요리입니다.,#korean,#grilled,#everyday,2,구이류,한식
동태양념구이,동태양념구이는 재료의 맛을 살려 간단히 즐기는 요리입니다.,#korean,#grilled,#seafood,2,구이류,한식
민어구이,민어구이는 재료의 맛을 살려 간단히 즐기는 요리입니다.,#korean,#grilled,#everyday,2,구이류,한식
병어구이,병어구이는 재료의 맛을 살려 간단히 즐기는 요리입니다.,#korean,#grilled,#everyday,2,구이류,한식
북어양념구이,북어양념구이는 재료의 맛을 살려 간단히 즐기는 요리입니다.,#korean,#grilled,#spicy,2,구이류,한식
서,서는 재료의 맛을 살려 간단히 즐기는 요리입니다.,#korean,#grilled,#everyday,2,구이류,한식
새우구이,새우구이는 재료의 맛을 살려 간단히 즐기는 요리입니다.,#korean,#grilled,#seafood,2,구이류,한식
내장구이,내장구이는 재료의 맛을 살려 간단히 즐기는 요리입니다.,#korean,#grilled,#everyday,2,구이류,한식
옥돔구이,옥돔구이는 재료의 맛을 살려 간단히 즐기는 요리입니다.,#korean,#grilled,#everyday,2,구이류,한식
옥수수구이,옥수수구이는 재료의 맛을 살려 간단히 즐기는 요리입니다.,#korean,#grilled,#everyday,2,구이류,한식
전어구이,전어구이는 재료의 맛을 살려 간단히 즐기는 요리입니다.,#korean,#grilled,#everyday,2,구이류,한식
참치구이,참치구이는 재료의 맛을 살려 간단히 즐기는 요리입니다.,#korean,#grilled,#everyday,2,구이류,한식
굴비구이,굴비구이는 재료의 맛을 살려 간단히 즐기는 요리입니다.,#korean,#grilled,#seafood,2,구이류,한식
꽁치구이,꽁치구이는 재료의 맛을 살려 간단히 즐기는 요리입니다.,#korean,#grilled,#everyday,2,구이류,한식
개고기,개고기는 재료의 맛을 살려 간단히 즐기는 요리입니다.,#korean,#pork,#everyday,3,찜류,한식
고등어찜,고등어찜은 재료의 맛을 살려 간단히 즐기는 요리입니다.,#korean,#steamed,#seafood,3,찜류,한식
굴찜,굴찜은 재료의 맛을 살려 간단히 즐기는 요리입니다.,#korean,#steamed,#seafood,3,찜류,한식
꽃게찜,꽃게찜은 재료의 맛을 살려 간단히 즐기는 요리입니다.,#korean,#steamed,#everyday,3,찜류,한식
도미찜,도미찜은 재료의 맛을 살려 간단히 즐기는 요리입니다.,#korean,#steamed,#everyday,3,찜류,한식
메기찜,메기찜은 재료의 맛을 살려 간단히 즐기는 요리입니다.,#korean,#steamed,#everyday,3,찜류,한식
명란찜,명란찜은 재료의 맛을 살려 간단히 즐기는 요리입니다.,#korean,#steamed,#everyday,3,찜류,한식
미더덕찜,미더덕찜은 재료의 맛을 살려 간단히 즐기는 요리입니다.,#korean,#steamed,#everyday,3,찜류,한식
바지락찜,바지락찜은 재료의 맛을 살려 간단히 즐기는 요리입니다.,#korean,#steamed,#seafood,3,찜류,한식
세발낙지찜,세발낙지찜은 재료의 맛을 살려 간단히 즐기는 요리입니다.,#korean,#steamed,#seafood,3,찜류,한식
고기스튜,고기스튜는 재료의 맛을 살려 간단히 즐기는 요리입니다.,#korean,#beef,#everyday,3,찜류,한식
고기찜,고기찜은 재료의 맛을 살려 간단히 즐기는 요리입니다.,#korean,#steamed,#beef,3,찜류,한식
오징어찜,오징어찜은 재료의 맛을 살려 간단히 즐기는 요리입니다.,#korean,#steamed,#seafood,3,찜류,한식
고구마깻잎튀김,고구마깻잎튀김은 재료의 맛을 살려 간단히 즐기는 요리입니다.,#korean,#fried,#veggie,3,튀김류,한식
복찜,복찜은 재료의 맛을 살려 간단히 즐기는 요리입니다.,#korean,#steamed,#everyday,3,찜류,한식
수육,수육은 재료의 맛을 살려 간단히 즐기는 요리입니다.,#korean,#pork,#beef,3,찜류,한식
풋고추찜,풋고추찜은 재료의 맛을 살려 간단히 즐기는 요리입니다.,#korean,#steamed,#spicy,3,찜류,한식
해물콩나물찜,해물콩나물찜은 재료의 맛을 살려 간단히 즐기는 요리입니다.,#korean,#steamed,#veggie,2,찜류,한식
홍어찜,홍어찜은 재료의 맛을 살려 간단히 즐기는 요리입니다.,#korean,#steamed,#everyday,3,찜류,한식
황태콩나물찜,황태콩나물찜은 재료의 맛을 살려 간단히 즐기는 요리입니다.,#korean,#steamed,#veggie,2,찜류,한식
가자미찜,가자미찜은 재료의 맛을 살려 간단히 즐기는 요리입니다.,#korean,#steamed,#everyday,3,찜류,한식
콩나물찌개,콩나물찌개는 재료의 맛을 살려 간단히 즐기는 요리입니다.,#korean,#soup,#veggie,2,찌개 및 전골류,한식
해물전골,해물전골은 재료의 맛을 살려 간단히 즐기는 요리입니다.,#korean,#pancake,#everyday,3,찌개 및 전골류,한식
홍어찌개,홍어찌개는 재료의 맛을 살려 간단히 즐기는 요리입니다.,#korean,#soup,#everyday,3,찌개 및 전골류,한식
가오리찜,가오리찜은 재료의 맛을 살려 간단히 즐기는 요리입니다.,#korean,#steamed,#everyday,3,찜류,한식
가오리콩나물찜,가오리콩나물찜은 재료의 맛을 살려 간단히 즐기는 요리입니다.,#korean,#steamed,#veggie,2,찜류,한식
꽃게콩나물찜,꽃게콩나물찜은 재료의 맛을 살려 간단히 즐기는 요리입니다.,#korean,#steamed,#veggie,2,찜류,한식
꽈리고추찜,꽈리고추찜은 재료의 맛을 살려 간단히 즐기는 요리입니다.,#korean,#steamed,#spicy,3,찜류,한식
낙지찜,낙지찜은 재료의 맛을 살려 간단히 즐기는 요리입니다.,#korean,#steamed,#seafood,3,찜류,한식
단호박찜,단호박찜은 재료의 맛을 살려 간단히 즐기는 요리입니다.,#korean,#steamed,#everyday,3,찜류,한식
구볼찜,구볼찜은 재료의 맛을 살려 간단히 즐기는 요리입니다.,#korean,#steamed,#everyday,3,찜류,한식
꽁치튀김,꽁치튀김은 재료의 맛을 살려 간단히 즐기는 요리입니다.,#korean,#fried,#everyday,3,튀김류,한식
복지리,복지리는 재료의 맛을 살려 간단히 즐기는 요리입니다.,#korean,#everyday,#classic,3,찌개 및 전골류,한식
볼락,볼락은 재료의 맛을 살려 간단히 즐기는 요리입니다.,#korean,#soup,#spicy,3,찌개 및 전골류,한식
붕어,붕어는 재료의 맛을 살려 간단히 즐기는 요리입니다.,#korean,#soup,#spicy,3,찌개 및 전골류,한식
삼치찌개,삼치찌개는 재료의 맛을 살려 간단히 즐기는 요리입니다.,#korean,#soup,#everyday,3,찌개 및 전골류,한식
섞어찌개,섞어찌개는 재료의 맛을 살려 간단히 즐기는 요리입니다.,#korean,#soup,#everyday,3,찌개 및 전골류,한식
송어,송어는 재료의 맛을 살려 간단히 즐기는 요리입니다.,#korean,#soup,#spicy,3,찌개 및 전골류,한식
숭어,숭어는 재료의 맛을 살려 간단히 즐기는 요리입니다.,#korean,#soup,#spicy,3,찌개 및 전골류,한식
연두부찌개,연두부찌개는 재료의 맛을 살려 간단히 즐기는 요리입니다.,#korean,#soup,#veggie,3,찌개 및 전골류,한식
잉어,잉어는 재료의 맛을 살려 간단히 즐기는 요리입니다.,#korean,#soup,#spicy,3,찌개 및 전골류,한식
잡탕전골,잡탕전골은 재료의 맛을 살려 간단히 즐기는 요리입니다.,#korean,#soup,#everyday,3,찌개 및 전골류,한식
조기찌개,조기찌개는 재료의 맛을 살려 간단히 즐기는 요리입니다.,#korean,#soup,#everyday,3,찌개 및 전골류,한식
참치찌개,참치찌개는 재료의 맛을 살려 간단히 즐기는 요리입니다.,#korean,#soup,#everyday,3,찌개 및 전골류,한식
꽃게,꽃게는 재료의 맛을 살려 간단히 즐기는 요리입니다.,#korean,#soup,#spicy,3,찌개 및 전골류,한식
구탕,구탕은 재료의 맛을 살려 간단히 즐기는 요리입니다.,#korean,#soup,#everyday,3,찌개 및 전골류,한식
도루묵찌개,도루묵찌개는 재료의 맛을 살려 간단히 즐기는 요리입니다.,#korean,#soup,#everyday,3,찌개 및 전골류,한식
명태,명태는 재료의 맛을 살려 간단히 즐기는 요리입니다.,#korean,#soup,#seafood,3,찌개 및 전골류,한식
민어,민어는 재료의 맛을 살려 간단히 즐기는 요리입니다.,#korean,#soup,#spicy,3,찌개 및 전골류,한식
번데기탕,번데기탕은 재료의 맛을 살려 간단히 즐기는 요리입니다.,#korean,#soup,#everyday,3,찌개 및 전골류,한식
병어찌개,병어찌개는 재료의 맛을 살려 간단히 즐기는 요리입니다.,#korean,#soup,#everyday,3,찌개 및 전골류,한식
보신탕,보신탕은 재료의 맛을 살려 간단히 즐기는 요리입니다.,#korean,#soup,#everyday,3,찌개 및 전골류,한식
복,복은 재료의 맛을 살려 간단히 즐기는 요리입니다.,#korean,#soup,#spicy,3,찌개 및 전골류,한식
아귀지리,아귀지리는 재료의 맛을 살려 간단히 즐기는 요리입니다.,#korean,#everyday,#classic,3,찌개 및 전골류,한식
오리백숙,오리백숙은 재료의 맛을 살려 간단히 즐기는 요리입니다.,#korean,#everyday,#classic,3,찌개 및 전골류,한식
가자미,가자미는 재료의 맛을 살려 간단히 즐기는 요리입니다.,#korean,#soup,#spicy,3,찌개 및 전골류,한식
광어,광어는 재료의 맛을 살려 간단히 즐기는 요리입니다.,#korean,#soup,#spicy,3,찌개 및 전골류,한식
국수전골,국수전골은 재료의 맛을 살려 간단히 즐기는 요리입니다.,#korean,#soup,#everyday,3,찌개 및 전골류,한식
고추장찌개,고추장찌개는 재료의 맛을 살려 간단히 즐기는 요리입니다.,#korean,#soup,#veggie,3,찌개 및 전골류,한식
김치전골,김치전골은 재료의 맛을 살려 간단히 즐기는 요리입니다.,#korean,#pancake,#spicy,3,찌개 및 전골류,한식
내장전골,내장전골은 재료의 맛을 살려 간단히 즐기는 요리입니다.,#korean,#pancake,#everyday,3,찌개 및 전골류,한식
어묵국물,어묵국물은 재료의 맛을 살려 간단히 즐기는 요리입니다.,#korean,#soup,#everyday,3,국 및 탕류,한식
올갱이해장국,올갱이해장국은 재료의 맛을 살려 간단히 즐기는 요리입니다.,#korean,#soup,#everyday,3,국 및 탕류,한식
조개탕,조개탕은 재료의 맛을 살려 간단히 즐기는 요리입니다.,#korean,#soup,#seafood,3,국 및 탕류,한식
갈치찌개,갈치찌개는 재료의 맛을 살려 간단히 즐기는 요리입니다.,#korean,#soup,#seafood,3,찌개 및 전골류,한식
개고기전골,개고기전골은 재료의 맛을 살려 간단히 즐기는 요리입니다.,#korean,#pancake,#everyday,3,찌개 및 전골류,한식
뼈다귀해장국,뼈다귀해장국은 재료의 맛을 살려 간단히 즐기는 요리입니다.,#korean,#soup,#everyday,3,국 및 탕류,한식
선지해장국,선지해장국은 재료의 맛을 살려 간단히 즐기는 요리입니다.,#korean,#soup,#everyday,3,국 및 탕류,한식
고기국,고기국은 재료의 맛을 살려 간단히 즐기는 요리입니다.,#korean,#soup,#beef,3,국 및 탕류,한식
꼬리곰탕,꼬리곰탕은 재료의 맛을 살려 간단히 즐기는 요리입니다.,#korean,#soup,#everyday,3,국 및 탕류,한식
몸국,몸국은 재료의 맛을 살려 간단히 즐기는 요리입니다.,#korean,#soup,#everyday,3,국 및 탕류,한식
고디국,고디국은 재료의 맛을 살려 간단히 즐기는 요리입니다.,#korean,#soup,#everyday,3,국 및 탕류,한식
망둥어찌개,망둥어찌개는 재료의 맛을 살려 간단히 즐기는 요리입니다.,#korean,#soup,#everyday,3,찌개 및 전골류,한식
닭백숙,닭백숙은 재료의 맛을 살려 간단히 즐기는 요리입니다.,#korean,#chicken,#everyday,3,국 및 탕류,한식
미역냉국,미역냉국은 재료의 맛을 살려 간단히 즐기는 요리입니다.,#korean,#soup,#veggie,3,국 및 탕류,한식
흑임자,흑임자는 재료의 맛을 살려 간단히 즐기는 요리입니다.,#korean,#porridge,#everyday,3,죽 및 스프류,한식
굴죽,굴죽은 굴을 넣어 부드럽게 끓인 죽 요리입니다.,#korean,#porridge,#seafood,3,죽 및 스프류,한식
합죽,합죽은 합을 넣어 부드럽게 끓인 죽 요리입니다.,#korean,#porridge,#everyday,3,죽 및 스프류,한식
복죽,복죽은 복을 넣어 부드럽게 끓인 죽 요리입니다.,#korean,#porridge,#everyday,3,죽 및 스프류,한식
오리감자죽,오리감자죽은 오리감자를 넣어 부드럽게 끓인 죽 요리입니다.,#korean,#porridge,#veggie,3,죽 및 스프류,한식
굴국,굴국은 재료의 맛을 살려 간단히 즐기는 요리입니다.,#korean,#soup,#seafood,3,국 및 탕류,한식
내장탕,내장탕은 재료의 맛을 살려 간단히 즐기는 요리입니다.,#korean,#soup,#everyday,3,국 및 탕류,한식
비빔냉면,비빔냉면은 재료의 맛을 살려 간단히 즐기는 요리입니다.,#korean,#noodle,#everyday,3,면 및 만두류,한식
오븐스파게티,오븐스파게티는 스파게티에 오븐을 더해 향을 살린 서양식 면 요리입니다.,#western,#noodle,#everyday,4,면 및 만두류,카페-디저트
짬뽕라면,짬뽕라면은 재료의 맛을 살려 간단히 즐기는 요리입니다.,#chinese,#noodle,#everyday,3,면 및 만두류,중식
회냉면,회냉면은 재료의 맛을 살려 간단히 즐기는 요리입니다.,#korean,#noodle,#everyday,3,면 및 만두류,한식
쟁반짜장,쟁반짜장은 재료의 맛을 살려 간단히 즐기는 요리입니다.,#chinese,#everyday,#classic,3,면 및 만두류,중식
식우동,식우동은 장국에 면과 재료를 넣어 간단히 즐기는 일본식 면 요리입니다.,#japanese,#noodle,#everyday,3,면 및 만두류,돈까스-회
해물칼국수,해물칼국수는 칼로 썬 도톰한 면을 멸치나 닭 육수에 끓여 먹는 면 요리입니다.,#korean,#soup,#everyday,3,면 및 만두류,한식
막국수,막국수는 재료의 맛을 살려 간단히 즐기는 요리입니다.,#korean,#soup,#everyday,3,면 및 만두류,한식
도미,도미는 재료의 맛을 살려 간단히 즐기는 요리입니다.,#korean,#soup,#spicy,3,찌개 및 전골류,한식
비빔막국수,비빔막국수는 재료의 맛을 살려 간단히 즐기는 요리입니다.,#korean,#soup,#everyday,3,면 및 만두류,한식
호박나물,호박나물은 재료의 맛을 살려 간단히 즐기는 요리입니다.,#korean,#veggie,#everyday,2,나물·숙채류,한식
배추숙주나물,배추숙주나물은 재료의 맛을 살려 간단히 즐기는 요리입니다.,#korean,#veggie,#everyday,2,나물·숙채류,한식
삼치튀김,삼치튀김은 재료의 맛을 살려 간단히 즐기는 요리입니다.,#korean,#fried,#everyday,3,튀김류,한식
돼지등심,돼지등심은 재료의 맛을 살려 간단히 즐기는 요리입니다.,#korean,#braised,#pork,3,조림류,한식
시지조림,시지조림은 재료의 맛을 살려 간단히 즐기는 요리입니다.,#western,#braised,#everyday,3,조림류,양식
오징어포조림,오징어포조림은 재료의 맛을 살려 간단히 즐기는 요리입니다.,#korean,#braised,#seafood,3,조림류,한식
달걀후라이,달걀후라이는 재료의 맛을 살려 간단히 즐기는 요리입니다.,#korean,#everyday,#classic,3,전·적 및 부침류,한식
북어구이,북어구이는 재료의 맛을 살려 간단히 즐기는 요리입니다.,#korean,#grilled,#everyday,2,구이류,한식
돼지고기찜,돼지고기찜은 재료의 맛을 살려 간단히 즐기는 요리입니다.,#korean,#steamed,#pork,3,찜류,한식
동태,동태는 재료의 맛을 살려 간단히 즐기는 요리입니다.,#korean,#soup,#seafood,3,찌개 및 전골류,한식
돼지갈비전골,돼지갈비전골은 재료의 맛을 살려 간단히 즐기는 요리입니다.,#korean,#pancake,#pork,3,찌개 및 전골류,한식
유부국,유부국은 재료의 맛을 살려 간단히 즐기는 요리입니다.,#korean,#soup,#everyday,3,국 및 탕류,한식
케이크_핫,케이크_핫은 재료의 맛을 살려 간단히 즐기는 요리입니다.,#western,#baked,#everyday,3,빵 및 과자류,카페-디저트
하이라이스,하이라이스는 재료의 맛을 살려 간단히 즐기는 요리입니다.,#korean,#everyday,#classic,3,밥류,한식
피자_핫,피자_핫은 재료의 맛을 살려 간단히 즐기는 요리입니다.,"#western,pizza",#chicken,#everyday,3,빵 및 과자류,피자
허니브레드,허니브레드는 재료의 맛을 살려 간단히 즐기는 요리입니다.,#korean,#everyday,#classic,3,빵 및 과자류,카페-디저트
호떡_아이스,호떡_아이스는 재료의 맛을 살려 간단히 즐기는 요리입니다.,#western,#ricecake,#everyday,4,빵 및 과자류,카페-디저트
피자빵,피자빵은 반죽을 숙성해 구워낸 담백한 빵입니다.,"#western,pizza",#baked,#chicken,3,빵 및 과자류,피자
햄치콘듬뿍베이글_피자,햄치콘듬뿍베이글_피자는 햄치콘듬뿍베이글_를 올려 구운 피자 요리입니다.,"#western,pizza",#baked,#everyday,3,빵 및 과자류,피자
바토베듬뿍베이글_피자,바토베듬뿍베이글_피자는 바토베듬뿍베이글_를 올려 구운 피자 요리입니다.,"#western,pizza",#baked,#everyday,3,빵 및 과자류,피자
자몽홍차,자몽홍차는 얼음과 함께 상큼하게 즐기는 음료입니다.,#korean,#sweet,#everyday,3,음료 및 차류,카페-디저트
자몽홍차_아이스,자몽홍차_아이스는 재료의 맛을 살려 간단히 즐기는 요리입니다.,#korean,#everyday,#classic,3,음료 및 차류,카페-디저트
자몽홍차_핫,자몽홍차_핫은 재료의 맛을 살려 간단히 즐기는 요리입니다.,#korean,#everyday,#classic,3,음료 및 차류,카페-디저트
자몽차,자몽차는 얼음과 함께 상큼하게 즐기는 음료입니다.,#korean,#everyday,#classic,3,음료 및 차류,카페-디저트
자몽차_아이스,자몽차_아이스는 재료의 맛을 살려 간단히 즐기는 요리입니다.,#korean,#everyday,#classic,3,음료 및 차류,카페-디저트
자몽차_핫,자몽차_핫은 재료의 맛을 살려 간단히 즐기는 요리입니다.,#korean,#everyday,#classic,3,음료 및 차류,카페-디저트
유자차_핫,유자차_핫은 재료의 맛을 살려 간단히 즐기는 요리입니다.,#korean,#everyday,#classic,3,음료 및 차류,카페-디저트
유자차_아이스,유자차_아이스는 재료의 맛을 살려 간단히 즐기는 요리입니다.,#korean,#everyday,#classic,3,음료 및 차류,카페-디저트
유자차,유자차는 얼음과 함께 상큼하게 즐기는 음료입니다.,#korean,#everyday,#classic,3,음료 및 차류,카페-디저트
오미자차_아이스,오미자차_아이스는 재료의 맛을 살려 간단히 즐기는 요리입니다.,#korean,#everyday,#classic,3,음료 및 차류,카페-디저트
오미자차_핫,오미자차_핫은 재료의 맛을 살려 간단히 즐기는 요리입니다.,#korean,#everyday,#classic,3,음료 및 차류,카페-디저트
우롱차_아이스,우롱차_아이스는 재료의 맛을 살려 간단히 즐기는 요리입니다.,#korean,#everyday,#classic,3,음료 및 차류,카페-디저트
우롱차_핫,우롱차_핫은 재료의 맛을 살려 간단히 즐기는 요리입니다.,#korean,#everyday,#classic,3,음료 및 차류,카페-디저트
머핀,머핀은 버터와 설탕의 조화를 살린 달콤한 디저트입니다.,#western,#everyday,#classic,3,빵 및 과자류,카페-디저트
모닝빵,모닝빵은 반죽을 숙성해 구워낸 담백한 빵입니다.,#western,#baked,#everyday,3,빵 및 과자류,카페-디저트
에이드,에이드는 얼음과 함께 상큼하게 즐기는 음료입니다.,#korean,#everyday,#classic,3,음료 및 차류,카페-디저트
오미자차,오미자차는 얼음과 함께 상큼하게 즐기는 음료입니다.,#korean,#everyday,#classic,3,음료 및 차류,카페-디저트
버거,버거는 재료의 맛을 살려 간단히 즐기는 요리입니다.,#western,#beef,#everyday,3,빵 및 과자류,패스트푸드
버거_핫,버거_핫은 재료의 맛을 살려 간단히 즐기는 요리입니다.,#western,#everyday,#classic,3,빵 및 과자류,패스트푸드
바게트,바게트는 반죽을 숙성해 구워낸 담백한 빵입니다.,#western,#everyday,#classic,3,빵 및 과자류,카페-디저트
페퍼로니_피자,페퍼로니_피자는 페퍼로니_를 올려 구운 피자 요리입니다.,#western,#chicken,#everyday,3,빵 및 과자류,패스트푸드
버터빵,버터빵은 반죽을 숙성해 구워낸 담백한 빵입니다.,#western,#baked,#everyday,3,빵 및 과자류,카페-디저트
번,번은 재료의 맛을 살려 간단히 즐기는 요리입니다.,#korean,#everyday,#classic,3,빵 및 과자류,카페-디저트
번_핫,번_핫은 재료의 맛을 살려 간단히 즐기는 요리입니다.,#korean,#everyday,#classic,3,빵 및 과자류,카페-디저트
티_아이스,티_아이스는 재료의 맛을 살려 간단히 즐기는 요리입니다.,#korean,#everyday,#classic,3,음료 및 차류,카페-디저트
식혜_아이스,식혜_아이스는 재료의 맛을 살려 간단히 즐기는 요리입니다.,#korean,#everyday,#classic,3,음료 및 차류,카페-디저트
쌍화차_아이스,쌍화차_아이스는 재료의 맛을 살려 간단히 즐기는 요리입니다.,#korean,#everyday,#classic,3,음료 및 차류,카페-디저트
쌍화차_핫,쌍화차_핫은 재료의 맛을 살려 간단히 즐기는 요리입니다.,#korean,#everyday,#classic,3,음료 및 차류,카페-디저트
도넛_아이스,도넛_아이스는 재료의 맛을 살려 간단히 즐기는 요리입니다.,#western,#dessert,#sweet,3,빵 및 과자류,카페-디저트
꿀떡,꿀떡은 재료의 맛을 살려 간단히 즐기는 요리입니다.,#korean,#ricecake,#sweet,4,빵 및 과자류,카페-디저트
증편,증편은 재료의 맛을 살려 간단히 즐기는 요리입니다.,#korean,#everyday,#classic,3,빵 및 과자류,카페-디저트
마늘빵,마늘빵은 반죽을 숙성해 구워낸 담백한 빵입니다.,#korean,#baked,#everyday,3,빵 및 과자류,카페-디저트
모카빵,모카빵은 반죽을 숙성해 구워낸 담백한 빵입니다.,#korean,#baked,#everyday,3,빵 및 과자류,카페-디저트
초코,초코는 재료의 맛을 살려 간단히 즐기는 요리입니다.,#korean,#baked,#sweet,3,빵 및 과자류,카페-디저트
카스텔라,카스텔라는 재료의 맛을 살려 간단히 즐기는 요리입니다.,#korean,#everyday,#classic,3,빵 및 과자류,카페-디저트
크로와상,크로와상은 재료의 맛을 살려 간단히 즐기는 요리입니다.,#western,#everyday,#classic,3,빵 및 과자류,카페-디저트
풋고추볶음,풋고추볶음은 재료의 맛을 살려 간단히 즐기는 요리입니다.,#korean,#stirfry,#spicy,2,볶음류,한식
햄볶음,햄볶음은 재료의 맛을 살려 간단히 즐기는 요리입니다.,#korean,#stirfry,#veggie,2,볶음류,한식
병어조림,병어조림은 재료의 맛을 살려 간단히 즐기는 요리입니다.,#korean,#braised,#everyday,3,조림류,한식
오징어채조림,오징어채조림은 재료의 맛을 살려 간단히 즐기는 요리입니다.,#korean,#braised,#seafood,3,조림류,한식
김튀김,김튀김은 재료의 맛을 살려 간단히 즐기는 요리입니다.,#korean,#fried,#everyday,3,튀김류,한식
미역튀각,미역튀각은 재료의 맛을 살려 간단히 즐기는 요리입니다.,#korean,#veggie,#everyday,3,튀김류,한식
고사리나물무침,고사리나물무침은 재료의 맛을 살려 간단히 즐기는 요리입니다.,#korean,#salad,#veggie,1,나물·숙채류,한식
고춧잎나물무침,고춧잎나물무침은 재료의 맛을 살려 간단히 즐기는 요리입니다.,#korean,#salad,#veggie,1,나물·숙채류,한식
도라지나물무침,도라지나물무침은 재료의 맛을 살려 간단히 즐기는 요리입니다.,#korean,#salad,#veggie,1,나물·숙채류,한식
머위,머위는 재료의 맛을 살려 간단히 즐기는 요리입니다.,#korean,#salad,#veggie,1,나물·숙채류,한식
무나물무침,무나물무침은 재료의 맛을 살려 간단히 즐기는 요리입니다.,#korean,#salad,#veggie,1,나물·숙채류,한식
방풍나물무침,방풍나물무침은 재료의 맛을 살려 간단히 즐기는 요리입니다.,#korean,#salad,#veggie,1,나물·숙채류,한식
비름나물무침,비름나물무침은 재료의 맛을 살려 간단히 즐기는 요리입니다.,#korean,#salad,#veggie,1,나물·숙채류,한식
또띠아,또띠아는 재료의 맛을 살려 간단히 즐기는 요리입니다.,#western,#everyday,#classic,3,빵 및 과자류,카페-디저트
또띠아_핫,또띠아_핫은 재료의 맛을 살려 간단히 즐기는 요리입니다.,#western,#chicken,#everyday,3,빵 및 과자류,치킨
롤빵,롤빵은 반죽을 숙성해 구워낸 담백한 빵입니다.,#korean,#baked,#sweet,3,빵 및 과자류,카페-디저트
시래기나물무침,시래기나물무침은 재료의 맛을 살려 간단히 즐기는 요리입니다.,#korean,#salad,#veggie,1,나물·숙채류,한식
씀바귀나물무침,씀바귀나물무침은 재료의 맛을 살려 간단히 즐기는 요리입니다.,#korean,#salad,#veggie,1,나물·숙채류,한식
호박오가리나물무침,호박오가리나물무침은 재료의 맛을 살려 간단히 즐기는 요리입니다.,#korean,#salad,#veggie,1,나물·숙채류,한식
가죽나물무침,가죽나물무침은 재료의 맛을 살려 간단히 즐기는 요리입니다.,#korean,#salad,#veggie,1,생채·무침류,한식
겉절이,겉절이는 재료의 맛을 살려 간단히 즐기는 요리입니다.,#korean,#everyday,#classic,1,생채·무침류,한식
김무침,김무침은 재료의 맛을 살려 간단히 즐기는 요리입니다.,#korean,#salad,#everyday,1,생채·무침류,한식
민들레잎무침,민들레잎무침은 재료의 맛을 살려 간단히 즐기는 요리입니다.,#korean,#salad,#everyday,1,생채·무침류,한식
버섯무침,버섯무침은 재료의 맛을 살려 간단히 즐기는 요리입니다.,#korean,#salad,#veggie,1,생채·무침류,한식
톳나물무침,톳나물무침은 재료의 맛을 살려 간단히 즐기는 요리입니다.,#korean,#salad,#veggie,1,생채·무침류,한식
해초무침,해초무침은 재료의 맛을 살려 간단히 즐기는 요리입니다.,#korean,#salad,#everyday,1,생채·무침류,한식
나박김치,나박김치는 재료의 맛을 살려 간단히 즐기는 요리입니다.,#korean,#fermented,#spicy,4,김치류,한식
물김치,물김치는 재료의 맛을 살려 간단히 즐기는 요리입니다.,#korean,#fermented,#veggie,2,김치류,한식
가자미식해,가자미식해는 재료의 맛을 살려 간단히 즐기는 요리입니다.,#korean,#everyday,#classic,3,젓갈류,한식
갈치젓,갈치젓은 재료의 맛을 살려 간단히 즐기는 요리입니다.,#korean,#seafood,#spicy,3,젓갈류,한식
멸치젓,멸치젓은 재료의 맛을 살려 간단히 즐기는 요리입니다.,#korean,#seafood,#spicy,3,젓갈류,한식
새우젓,새우젓은 재료의 맛을 살려 간단히 즐기는 요리입니다.,#korean,#seafood,#spicy,3,젓갈류,한식
오징어젓,오징어젓은 재료의 맛을 살려 간단히 즐기는 요리입니다.,#korean,#seafood,#spicy,3,젓갈류,한식
꽃게장,꽃게장은 재료의 맛을 살려 간단히 즐기는 요리입니다.,#korean,#everyday,#classic,3,젓갈류,한식
단무지,단무지는 재료의 맛을 살려 간단히 즐기는 요리입니다.,#korean,#everyday,#classic,3,장아찌·절임류,한식
무짠지,무짠지는 재료의 맛을 살려 간단히 즐기는 요리입니다.,#korean,#everyday,#classic,3,장아찌·절임류,한식
무초절임,무초절임은 재료의 맛을 살려 간단히 즐기는 요리입니다.,"#korean,chicken",#pickled,#chicken,4,장아찌·절임류,치킨
감자빵,감자빵은 반죽을 숙성해 구워낸 담백한 빵입니다.,#korean,#baked,#veggie,3,빵 및 과자류,카페-디저트
건포도빵,건포도빵은 반죽을 숙성해 구워낸 담백한 빵입니다.,#korean,#baked,#everyday,3,빵 및 과자류,카페-디저트
기타빵,기타빵은 반죽을 숙성해 구워낸 담백한 빵입니다.,#korean,#baked,#veggie,3,빵 및 과자류,카페-디저트
깨찰빵,깨찰빵은 반죽을 숙성해 구워낸 담백한 빵입니다.,#korean,#baked,#everyday,3,빵 및 과자류,카페-디저트
메밀국수,메밀국수는 재료의 맛을 살려 간단히 즐기는 요리입니다.,#korean,#soup,#everyday,3,면 및 만두류,한식
우동볶음,우동볶음은 재료의 맛을 살려 간단히 즐기는 요리입니다.,#japanese,#stirfry,#everyday,2,면 및 만두류,돈까스-회
오리죽,오리죽은 오리를 넣어 부드럽게 끓인 죽 요리입니다.,#korean,#porridge,#everyday,3,죽 및 스프류,한식
냉국,냉국은 재료의 맛을 살려 간단히 즐기는 요리입니다.,#korean,#soup,#veggie,3,국 및 탕류,한식
달걀탕,달걀탕은 재료의 맛을 살려 간단히 즐기는 요리입니다.,#korean,#soup,#veggie,3,국 및 탕류,한식
도가니탕,도가니탕은 재료의 맛을 살려 간단히 즐기는 요리입니다.,#korean,#soup,#everyday,3,국 및 탕류,한식
묵국,묵국은 재료의 맛을 살려 간단히 즐기는 요리입니다.,#korean,#soup,#everyday,3,국 및 탕류,한식
장어탕,장어탕은 재료의 맛을 살려 간단히 즐기는 요리입니다.,#korean,#soup,#everyday,3,국 및 탕류,한식
재첩국,재첩국은 재료의 맛을 살려 간단히 즐기는 요리입니다.,#korean,#soup,#everyday,3,국 및 탕류,한식
옥수수,옥수수는 재료의 맛을 살려 간단히 즐기는 요리입니다.,#korean,#everyday,#classic,3,찜류,한식
콩나물찜,콩나물찜은 재료의 맛을 살려 간단히 즐기는 요리입니다.,#korean,#steamed,#veggie,2,찜류,한식
곱창구이,곱창구이는 재료의 맛을 살려 간단히 즐기는 요리입니다.,#korean,#grilled,#beef,2,구이류,한식
김구이,김구이는 재료의 맛을 살려 간단히 즐기는 요리입니다.,#korean,#grilled,#everyday,2,구이류,한식
떡갈비,떡갈비는 재료의 맛을 살려 간단히 즐기는 요리입니다.,#korean,#ricecake,#beef,4,구이류,한식
버섯구이,버섯구이는 재료의 맛을 살려 간단히 즐기는 요리입니다.,#korean,#grilled,#veggie,2,구이류,한식
버섯구이표고버섯,버섯구이표고버섯은 재료의 맛을 살려 간단히 즐기는 요리입니다.,#korean,#grilled,#veggie,2,구이류,한식
삼겹살구이,삼겹살구이는 재료의 맛을 살려 간단히 즐기는 요리입니다.,#korean,#grilled,#pork,2,구이류,한식
오리고기구이,오리고기구이는 재료의 맛을 살려 간단히 즐기는 요리입니다.,#korean,#grilled,#everyday,2,구이류,한식
조개구이,조개구이는 재료의 맛을 살려 간단히 즐기는 요리입니다.,#korean,#grilled,#seafood,2,구이류,한식
고구마전,고구마전은 재료의 맛을 살려 간단히 즐기는 요리입니다.,#korean,#pancake,#veggie,3,전·적 및 부침류,한식
메밀전,메밀전은 재료의 맛을 살려 간단히 즐기는 요리입니다.,#korean,#pancake,#everyday,3,전·적 및 부침류,한식
산적,산적은 재료의 맛을 살려 간단히 즐기는 요리입니다.,#korean,#pork,#everyday,3,전·적 및 부침류,한식
닭발볶음,닭발볶음은 재료의 맛을 살려 간단히 즐기는 요리입니다.,#korean,#stirfry,#chicken,2,볶음류,한식
당근볶음,당근볶음은 재료의 맛을 살려 간단히 즐기는 요리입니다.,#korean,#stirfry,#everyday,2,볶음류,한식
브로콜리볶음,브로콜리볶음은 재료의 맛을 살려 간단히 즐기는 요리입니다.,#korean,#stirfry,#everyday,2,볶음류,한식
새우볶음,새우볶음은 재료의 맛을 살려 간단히 즐기는 요리입니다.,#korean,#stirfry,#seafood,2,볶음류,한식
와플,와플은 재료의 맛을 살려 간단히 즐기는 요리입니다.,#western,#everyday,#classic,3,빵 및 과자류,카페-디저트
와플_아이스,와플_아이스는 재료의 맛을 살려 간단히 즐기는 요리입니다.,#western,#dessert,#everyday,3,빵 및 과자류,카페-디저트
샌드위치_핫,샌드위치_핫은 재료의 맛을 살려 간단히 즐기는 요리입니다.,"#western,chicken",#chicken,#everyday,3,빵 및 과자류,치킨
야채빵,야채빵은 반죽을 숙성해 구워낸 담백한 빵입니다.,#korean,#baked,#everyday,3,빵 및 과자류,카페-디저트
불고기_피자,불고기_피자는 불고기_를 올려 구운 피자 요리입니다.,"#western,pizza",#beef,#everyday,3,빵 및 과자류,피자
팥빵,팥빵은 반죽을 숙성해 구워낸 담백한 빵입니다.,#korean,#baked,#everyday,3,빵 및 과자류,카페-디저트
타르트,타르트는 버터와 설탕의 조화를 살린 달콤한 디저트입니다.,#western,#dessert,#everyday,3,빵 및 과자류,카페-디저트
크림빵,크림빵은 반죽을 숙성해 구워낸 담백한 빵입니다.,#korean,#baked,#everyday,3,빵 및 과자류,카페-디저트
크림빵_아이스,크림빵_아이스는 재료의 맛을 살려 간단히 즐기는 요리입니다.,#korean,#baked,#everyday,3,빵 및 과자류,카페-디저트
케이크_아이스,케이크_아이스는 재료의 맛을 살려 간단히 즐기는 요리입니다.,#western,#baked,#everyday,3,빵 및 과자류,카페-디저트
치즈빵,치즈빵은 반죽을 숙성해 구워낸 담백한 빵입니다.,#korean,#baked,#everyday,3,빵 및 과자류,카페-디저트
치아바타,치아바타는 반죽을 숙성해 구워낸 담백한 빵입니다.,#western,#everyday,#classic,3,빵 및 과자류,카페-디저트
찰떡빵,찰떡빵은 반죽을 숙성해 구워낸 담백한 빵입니다.,#korean,#ricecake,#veggie,4,빵 및 과자류,카페-디저트
맥앤치즈_피자,맥앤치즈_피자는 맥앤치즈_를 올려 구운 피자 요리입니다.,#western,#everyday,#classic,3,빵 및 과자류,피자
베이직치즈_피자,베이직치즈_피자는 베이직치즈_를 올려 구운 피자 요리입니다.,#western,#everyday,#classic,3,빵 및 과자류,피자
불고기치즈_피자,불고기치즈_피자는 불고기치즈_를 올려 구운 피자 요리입니다.,#western,#beef,#everyday,3,빵 및 과자류,피자
유부조림,유부조림은 재료의 맛을 살려 간단히 즐기는 요리입니다.,#korean,#braised,#everyday,3,조림류,한식
망둥어찜,망둥어찜은 재료의 맛을 살려 간단히 즐기는 요리입니다.,#korean,#steamed,#everyday,3,찜류,한식
멸치,멸치는 재료의 맛을 살려 간단히 즐기는 요리입니다.,#korean,#soup,#seafood,3,국 및 탕류,한식
버섯국,버섯국은 재료의 맛을 살려 간단히 즐기는 요리입니다.,#korean,#soup,#veggie,3,국 및 탕류,한식
삼색,삼색은 재료의 맛을 살려 간단히 즐기는 요리입니다.,#korean,#soup,#everyday,3,국 및 탕류,한식
감자밥,감자밥은 재료의 맛을 살려 간단히 즐기는 요리입니다.,#korean,#rice,#veggie,3,밥류,한식
양파장아찌,양파장아찌는 재료의 맛을 살려 간단히 즐기는 요리입니다.,#korean,#pickled,#everyday,4,장아찌·절임류,한식
오이모듬무침,오이모듬무침은 재료의 맛을 살려 간단히 즐기는 요리입니다.,#korean,#salad,#everyday,1,생채·무침류,한식
양배추김치,양배추김치는 재료의 맛을 살려 간단히 즐기는 요리입니다.,#korean,#fermented,#spicy,4,김치류,한식
깻잎장아찌,깻잎장아찌는 재료의 맛을 살려 간단히 즐기는 요리입니다.,#korean,#pickled,#everyday,4,장아찌·절임류,한식
북어채,북어채는 재료의 맛을 살려 간단히 즐기는 요리입니다.,#korean,#salad,#spicy,1,생채·무침류,한식
감자연근튀김,감자연근튀김은 재료의 맛을 살려 간단히 즐기는 요리입니다.,#korean,#fried,#veggie,3,튀김류,한식
껍질콩볶음,껍질콩볶음은 재료의 맛을 살려 간단히 즐기는 요리입니다.,#korean,#stirfry,#veggie,2,볶음류,한식
오리,오리는 재료의 맛을 살려 간단히 즐기는 요리입니다.,#korean,#beef,#everyday,3,구이류,한식
가지냉국,가지냉국은 재료의 맛을 살려 간단히 즐기는 요리입니다.,#korean,#soup,#everyday,3,국 및 탕류,한식
나폴리탄,나폴리탄은 재료의 맛을 살려 간단히 즐기는 요리입니다.,#western,#noodle,#everyday,3,면 및 만두류,카페-디저트
